<keymap version="1" name="Sublime Text (macOS) copy" parent="Sublime Text (Mac OS X)">
  <action id="CommentByBlockComment">
    <keyboard-shortcut first-keystroke="meta alt slash" />
    <keyboard-shortcut first-keystroke="meta alt divide" />
    <keyboard-shortcut first-keystroke="shift ctrl slash" />
    <keyboard-shortcut first-keystroke="shift ctrl divide" />
    <keyboard-shortcut first-keystroke="shift meta divide" />
    <keyboard-shortcut first-keystroke="shift meta divide" />
    <keyboard-shortcut first-keystroke="shift ctrl colon" />
  </action>
  <action id="Console.TableResult.SetDefault" />
  <action id="HideActiveWindow">
    <keyboard-shortcut first-keystroke="shift escape" />
    <keyboard-shortcut first-keystroke="shift ctrl meta alt down" />
  </action>
  <action id="Jdbc.OpenConsole.New" />
</keymap>