<profile version="1.0">
  <option name="myName" value="Project Default copy" />
  <inspection_tool class="ARCIssues" enabled="false" level="WARNING" enabled_by_default="false" />
  <inspection_tool class="AccessorsWereOverridden" enabled="false" level="WARNING" enabled_by_default="false" />
  <inspection_tool class="AmdModulesDependencies" enabled="false" level="WEAK WARNING" enabled_by_default="false" />
  <inspection_tool class="Annotator" enabled="false" level="WARNING" enabled_by_default="false" />
  <inspection_tool class="ArrayIssues" enabled="false" level="WARNING" enabled_by_default="false" />
  <inspection_tool class="AssociatedTypeMismatch" enabled="false" level="WARNING" enabled_by_default="false" />
  <inspection_tool class="AutoFunctionWithoutReturn" enabled="false" level="WARNING" enabled_by_default="false" />
  <inspection_tool class="BadExpressionStatementJS" enabled="false" level="WEAK WARNING" enabled_by_default="false" />
  <inspection_tool class="BridgeCastIssues" enabled="false" level="WARNING" enabled_by_default="false" />
  <inspection_tool class="BuildoutUnresolvedPartInspection" enabled="false" level="WARNING" enabled_by_default="false" />
  <inspection_tool class="BuiltinPropertyName" enabled="false" level="WARNING" enabled_by_default="false" />
  <inspection_tool class="CallDealloc" enabled="false" level="WARNING" enabled_by_default="false" />
  <inspection_tool class="CallerJS" enabled="false" level="WARNING" enabled_by_default="false" />
  <inspection_tool class="CannotResolve" enabled="false" level="WARNING" enabled_by_default="false" />
  <inspection_tool class="CheckDtdRefs" enabled="false" level="ERROR" enabled_by_default="false" />
  <inspection_tool class="CheckEmptyScriptTag" enabled="false" level="WARNING" enabled_by_default="false" />
  <inspection_tool class="CheckImageSize" enabled="false" level="WARNING" enabled_by_default="false" />
  <inspection_tool class="CheckNodeTest" enabled="false" level="WARNING" enabled_by_default="false" />
  <inspection_tool class="CheckTagEmptyBody" enabled="false" level="WARNING" enabled_by_default="false" />
  <inspection_tool class="CheckValidXmlInScriptTagBody" enabled="false" level="ERROR" enabled_by_default="false" />
  <inspection_tool class="CheckXmlFileWithXercesValidator" enabled="false" level="ERROR" enabled_by_default="false" />
  <inspection_tool class="CoffeeScriptArgumentsOutsideFunction" enabled="false" level="WARNING" enabled_by_default="false" />
  <inspection_tool class="CoffeeScriptFunctionSignatures" enabled="false" level="WEAK WARNING" enabled_by_default="false" />
  <inspection_tool class="CoffeeScriptInfiniteLoop" enabled="false" level="WARNING" enabled_by_default="false" />
  <inspection_tool class="CoffeeScriptLiteralNotFunction" enabled="false" level="ERROR" enabled_by_default="false" />
  <inspection_tool class="CoffeeScriptModulesDependencies" enabled="false" level="WEAK WARNING" enabled_by_default="false" />
  <inspection_tool class="CoffeeScriptSillyAssignment" enabled="false" level="WARNING" enabled_by_default="false" />
  <inspection_tool class="CoffeeScriptSwitchStatementWithNoDefaultBranch" enabled="false" level="WARNING" enabled_by_default="false" />
  <inspection_tool class="CoffeeScriptUnusedLocalSymbols" enabled="false" level="WARNING" enabled_by_default="false" />
  <inspection_tool class="CommaExpressionJS" enabled="false" level="WARNING" enabled_by_default="false" />
  <inspection_tool class="CommandLineInspection" enabled="false" level="WARNING" enabled_by_default="false" />
  <inspection_tool class="ConstExpressionRequired" enabled="false" level="WARNING" enabled_by_default="false" />
  <inspection_tool class="ConstantConditionalExpressionJS" enabled="false" level="WARNING" enabled_by_default="false" />
  <inspection_tool class="ConstructionIsNotAllowed" enabled="false" level="WARNING" enabled_by_default="false" />
  <inspection_tool class="ContinueOrBreakFromFinallyBlockJS" enabled="false" level="WARNING" enabled_by_default="false" />
  <inspection_tool class="Cppcheck" enabled="true" level="INFORMATION" enabled_by_default="true" />
  <inspection_tool class="CssFloatPxLength" enabled="false" level="WEAK WARNING" enabled_by_default="false" />
  <inspection_tool class="CssInvalidAtRule" enabled="false" level="ERROR" enabled_by_default="false" />
  <inspection_tool class="CssInvalidCharsetRule" enabled="false" level="WARNING" enabled_by_default="false" />
  <inspection_tool class="CssInvalidElement" enabled="false" level="ERROR" enabled_by_default="false" />
  <inspection_tool class="CssInvalidFunction" enabled="false" level="ERROR" enabled_by_default="false" />
  <inspection_tool class="CssInvalidHtmlTagReference" enabled="false" level="WARNING" enabled_by_default="false" />
  <inspection_tool class="CssInvalidImport" enabled="false" level="WARNING" enabled_by_default="false" />
  <inspection_tool class="CssInvalidMediaFeature" enabled="false" level="ERROR" enabled_by_default="false" />
  <inspection_tool class="CssInvalidPropertyValue" enabled="false" level="ERROR" enabled_by_default="false" />
  <inspection_tool class="CssInvalidPseudoSelector" enabled="false" level="ERROR" enabled_by_default="false" />
  <inspection_tool class="CssMissingComma" enabled="false" level="WARNING" enabled_by_default="false" />
  <inspection_tool class="CssNegativeValue" enabled="false" level="ERROR" enabled_by_default="false" />
  <inspection_tool class="CssNoGenericFontName" enabled="false" level="WARNING" enabled_by_default="false" />
  <inspection_tool class="CssOverwrittenProperties" enabled="false" level="WARNING" enabled_by_default="false" />
  <inspection_tool class="CssRedundantUnit" enabled="false" level="WARNING" enabled_by_default="false" />
  <inspection_tool class="CssReplaceWithShorthandSafely" enabled="false" level="WEAK WARNING" enabled_by_default="false" />
  <inspection_tool class="CssReplaceWithShorthandUnsafely" enabled="false" level="INFORMATION" enabled_by_default="false" />
  <inspection_tool class="CssUnitlessNumber" enabled="false" level="WARNING" enabled_by_default="false" />
  <inspection_tool class="CssUnknownProperty" enabled="false" level="WARNING" enabled_by_default="false">
    <option name="myCustomPropertiesEnabled" value="false" />
    <option name="myIgnoreVendorSpecificProperties" value="false" />
    <option name="myCustomPropertiesList">
      <value>
        <list size="0" />
      </value>
    </option>
  </inspection_tool>
  <inspection_tool class="CssUnknownTarget" enabled="false" level="ERROR" enabled_by_default="false" />
  <inspection_tool class="CssUnresolvedClass" enabled="false" level="ERROR" enabled_by_default="false" />
  <inspection_tool class="CssUnresolvedCustomProperty" enabled="false" level="ERROR" enabled_by_default="false" />
  <inspection_tool class="CssUnusedSymbol" enabled="false" level="WARNING" enabled_by_default="false" />
  <inspection_tool class="DeleteStatementsAreDeprecated" enabled="false" level="WARNING" enabled_by_default="false" />
  <inspection_tool class="DerivedFunctionsReturnTypeMismatch" enabled="false" level="WARNING" enabled_by_default="false" />
  <inspection_tool class="DuplicateAttribute" enabled="false" level="WARNING" enabled_by_default="false" />
  <inspection_tool class="DuplicateDeclarations" enabled="false" level="WARNING" enabled_by_default="false" />
  <inspection_tool class="ES6AwaitOutsideAsyncFunction" enabled="false" level="ERROR" enabled_by_default="false" />
  <inspection_tool class="ES6BindWithArrowFunction" enabled="false" level="WARNING" enabled_by_default="false" />
  <inspection_tool class="ES6CheckImport" enabled="false" level="WEAK WARNING" enabled_by_default="false" />
  <inspection_tool class="ES6ClassMemberInitializationOrder" enabled="false" level="WARNING" enabled_by_default="false" />
  <inspection_tool class="ES6ConvertLetToConst" enabled="false" level="INFORMATION" enabled_by_default="false" />
  <inspection_tool class="ES6ConvertModuleExportToExport" enabled="false" level="INFORMATION" enabled_by_default="false" />
  <inspection_tool class="ES6ConvertRequireIntoImport" enabled="false" level="INFORMATION" enabled_by_default="false" />
  <inspection_tool class="ES6ConvertToForOf" enabled="false" level="INFORMATION" enabled_by_default="false" />
  <inspection_tool class="ES6ConvertVarToLetConst" enabled="false" level="WEAK WARNING" enabled_by_default="false" />
  <inspection_tool class="ES6DestructuringVariablesMerge" enabled="false" level="WEAK WARNING" enabled_by_default="false" />
  <inspection_tool class="ES6MissingAwait" enabled="false" level="WEAK WARNING" enabled_by_default="false" />
  <inspection_tool class="ES6ModulesDependencies" enabled="false" level="WEAK WARNING" enabled_by_default="false" />
  <inspection_tool class="ES6PossiblyAsyncFunction" enabled="false" level="WEAK WARNING" enabled_by_default="false" />
  <inspection_tool class="ES6PreferShortImport" enabled="false" level="WARNING" enabled_by_default="false" />
  <inspection_tool class="ES6RedundantAwait" enabled="false" level="WEAK WARNING" enabled_by_default="false" />
  <inspection_tool class="ES6RedundantNestingInTemplateLiteral" enabled="false" level="WEAK WARNING" enabled_by_default="false" />
  <inspection_tool class="ES6ShorthandObjectProperty" enabled="false" level="INFORMATION" enabled_by_default="false" />
  <inspection_tool class="ES6UnusedImports" enabled="false" level="WARNING" enabled_by_default="false" />
  <inspection_tool class="EmptyStatement" enabled="false" level="WARNING" enabled_by_default="false" />
  <inspection_tool class="EmptyStatementBodyJS" enabled="false" level="WARNING" enabled_by_default="false">
    <option name="m_reportEmptyBlocks" value="false" />
  </inspection_tool>
  <inspection_tool class="ExceptionCaughtLocallyJS" enabled="false" level="WARNING" enabled_by_default="false" />
  <inspection_tool class="FallThroughInSwitchStatementJS" enabled="false" level="WARNING" enabled_by_default="false" />
  <inspection_tool class="FieldMustBeInitialized" enabled="false" level="WARNING" enabled_by_default="false" />
  <inspection_tool class="FlowJSConfig" enabled="false" level="WARNING" enabled_by_default="false" />
  <inspection_tool class="FlowJSFlagCommentPlacement" enabled="false" level="WARNING" enabled_by_default="false" />
  <inspection_tool class="FunctionParameterCountMismatch" enabled="false" level="WARNING" enabled_by_default="false" />
  <inspection_tool class="FunctionShouldBeConst" enabled="false" level="WARNING" enabled_by_default="false" />
  <inspection_tool class="HardwiredNamespacePrefix" enabled="false" level="WARNING" enabled_by_default="false" />
  <inspection_tool class="HidesClassScope" enabled="false" level="WARNING" enabled_by_default="false" />
  <inspection_tool class="HtmlDeprecatedAttribute" enabled="false" level="WARNING" enabled_by_default="false" />
  <inspection_tool class="HtmlDeprecatedTag" enabled="false" level="WARNING" enabled_by_default="false" />
  <inspection_tool class="HtmlExtraClosingTag" enabled="false" level="WARNING" enabled_by_default="false" />
  <inspection_tool class="HtmlFormInputWithoutLabel" enabled="false" level="WARNING" enabled_by_default="false" />
  <inspection_tool class="HtmlMissingClosingTag" enabled="false" level="INFORMATION" enabled_by_default="false" />
  <inspection_tool class="HtmlRequiredAltAttribute" enabled="false" level="WARNING" enabled_by_default="false" />
  <inspection_tool class="HtmlRequiredLangAttribute" enabled="false" level="WARNING" enabled_by_default="false" />
  <inspection_tool class="HtmlRequiredTitleElement" enabled="false" level="WARNING" enabled_by_default="false" />
  <inspection_tool class="HtmlUnknownAnchorTarget" enabled="false" level="WARNING" enabled_by_default="false" />
  <inspection_tool class="HtmlUnknownAttribute" enabled="false" level="WARNING" enabled_by_default="false">
    <option name="myValues">
      <value>
        <list size="0" />
      </value>
    </option>
    <option name="myCustomValuesEnabled" value="true" />
  </inspection_tool>
  <inspection_tool class="HtmlUnknownBooleanAttribute" enabled="false" level="WARNING" enabled_by_default="false" />
  <inspection_tool class="HtmlUnknownTag" enabled="false" level="WARNING" enabled_by_default="false">
    <option name="myValues">
      <value>
        <list size="6">
          <item index="0" class="java.lang.String" itemvalue="nobr" />
          <item index="1" class="java.lang.String" itemvalue="noembed" />
          <item index="2" class="java.lang.String" itemvalue="comment" />
          <item index="3" class="java.lang.String" itemvalue="noscript" />
          <item index="4" class="java.lang.String" itemvalue="embed" />
          <item index="5" class="java.lang.String" itemvalue="script" />
        </list>
      </value>
    </option>
    <option name="myCustomValuesEnabled" value="true" />
  </inspection_tool>
  <inspection_tool class="HtmlUnknownTarget" enabled="false" level="WARNING" enabled_by_default="false" />
  <inspection_tool class="HttpRequestContentLengthIsIgnored" enabled="false" level="WARNING" enabled_by_default="false" />
  <inspection_tool class="HttpRequestPlaceholder" enabled="false" level="WARNING" enabled_by_default="false" />
  <inspection_tool class="HttpUrlsUsage" enabled="false" level="WEAK WARNING" enabled_by_default="false" />
  <inspection_tool class="IgnoreFileDuplicateEntry" enabled="false" level="WARNING" enabled_by_default="false" />
  <inspection_tool class="ImplementationHasNoInterface" enabled="false" level="WARNING" enabled_by_default="false" />
  <inspection_tool class="ImplicitTypeConversion" enabled="false" level="WARNING" enabled_by_default="false">
    <option name="BITS" value="1720" />
    <option name="FLAG_EXPLICIT_CONVERSION" value="true" />
    <option name="IGNORE_NODESET_TO_BOOLEAN_VIA_STRING" value="true" />
  </inspection_tool>
  <inspection_tool class="ImplicitlyConcatenatedStrings" enabled="false" level="WARNING" enabled_by_default="false" />
  <inspection_tool class="IncompatibleMaskJS" enabled="false" level="WARNING" enabled_by_default="false" />
  <inspection_tool class="IncompatibleTypes" enabled="false" level="WARNING" enabled_by_default="false" />
  <inspection_tool class="InconsistentLineSeparators" enabled="true" level="WARNING" enabled_by_default="true" />
  <inspection_tool class="IncorrectHttpHeaderInspection" enabled="false" level="WARNING" enabled_by_default="false" />
  <inspection_tool class="IndexZeroUsage" enabled="false" level="WARNING" enabled_by_default="false" />
  <inspection_tool class="InfiniteLoopJS" enabled="false" level="WARNING" enabled_by_default="false" />
  <inspection_tool class="InfiniteRecursionJS" enabled="false" level="WARNING" enabled_by_default="false" />
  <inspection_tool class="InitializationIssue" enabled="false" level="WARNING" enabled_by_default="false" />
  <inspection_tool class="InitializerIssues" enabled="false" level="WARNING" enabled_by_default="false" />
  <inspection_tool class="InjectedReferences" enabled="false" level="ERROR" enabled_by_default="false" />
  <inspection_tool class="IntegerTypeRequired" enabled="false" level="WARNING" enabled_by_default="false" />
  <inspection_tool class="InterfaceHasNoImplementation" enabled="false" level="WARNING" enabled_by_default="false" />
  <inspection_tool class="JSAccessibilityCheck" enabled="false" level="WARNING" enabled_by_default="false" />
  <inspection_tool class="JSAnnotator" enabled="false" level="ERROR" enabled_by_default="false" />
  <inspection_tool class="JSArrowFunctionBracesCanBeRemoved" enabled="false" level="INFORMATION" enabled_by_default="false" />
  <inspection_tool class="JSAssignmentUsedAsCondition" enabled="false" level="WARNING" enabled_by_default="false" />
  <inspection_tool class="JSBitwiseOperatorUsage" enabled="false" level="WARNING" enabled_by_default="false" />
  <inspection_tool class="JSCheckFunctionSignatures" enabled="false" level="WEAK WARNING" enabled_by_default="false" />
  <inspection_tool class="JSClosureCompilerSyntax" enabled="false" level="WARNING" enabled_by_default="false" />
  <inspection_tool class="JSCommentMatchesSignature" enabled="false" level="WARNING" enabled_by_default="false" />
  <inspection_tool class="JSComparisonWithNaN" enabled="false" level="WARNING" enabled_by_default="false" />
  <inspection_tool class="JSConsecutiveCommasInArrayLiteral" enabled="false" level="WARNING" enabled_by_default="false" />
  <inspection_tool class="JSConstantReassignment" enabled="false" level="ERROR" enabled_by_default="false" />
  <inspection_tool class="JSDeprecatedSymbols" enabled="false" level="WEAK WARNING" enabled_by_default="false" />
  <inspection_tool class="JSDuplicateCaseLabel" enabled="false" level="WARNING" enabled_by_default="false" />
  <inspection_tool class="JSDuplicatedDeclaration" enabled="false" level="WARNING" enabled_by_default="false" />
  <inspection_tool class="JSEqualityComparisonWithCoercion" enabled="false" level="WARNING" enabled_by_default="false" />
  <inspection_tool class="JSFileReferences" enabled="false" level="WARNING" enabled_by_default="false" />
  <inspection_tool class="JSFunctionExpressionToArrowFunction" enabled="false" level="INFORMATION" enabled_by_default="false" />
  <inspection_tool class="JSIgnoredPromiseFromCall" enabled="false" level="WEAK WARNING" enabled_by_default="false" />
  <inspection_tool class="JSIncompatibleTypesComparison" enabled="false" level="WEAK WARNING" enabled_by_default="false" />
  <inspection_tool class="JSJQueryEfficiency" enabled="false" level="WARNING" enabled_by_default="false" />
  <inspection_tool class="JSJoinVariableDeclarationAndAssignment" enabled="false" level="INFORMATION" enabled_by_default="false" />
  <inspection_tool class="JSLastCommaInArrayLiteral" enabled="false" level="WARNING" enabled_by_default="false" />
  <inspection_tool class="JSLastCommaInObjectLiteral" enabled="false" level="WARNING" enabled_by_default="false" />
  <inspection_tool class="JSMethodCanBeStatic" enabled="false" level="WARNING" enabled_by_default="false" />
  <inspection_tool class="JSMismatchedCollectionQueryUpdate" enabled="false" level="WARNING" enabled_by_default="false">
    <option name="queries" value="trace,write,forEach,length,size" />
    <option name="updates" value="pop,push,shift,splice,unshift,add,insert,remove,reverse,copyWithin,fill,sort" />
  </inspection_tool>
  <inspection_tool class="JSMissingSwitchBranches" enabled="false" level="INFORMATION" enabled_by_default="false" />
  <inspection_tool class="JSMissingSwitchDefault" enabled="false" level="INFORMATION" enabled_by_default="false" />
  <inspection_tool class="JSNonASCIINames" enabled="false" level="WARNING" enabled_by_default="false" />
  <inspection_tool class="JSObjectNullOrUndefined" enabled="false" level="WARNING" enabled_by_default="false" />
  <inspection_tool class="JSObsoletePrivateAccessSyntax" enabled="false" level="ERROR" enabled_by_default="false" />
  <inspection_tool class="JSOctalInteger" enabled="false" level="ERROR" enabled_by_default="false" />
  <inspection_tool class="JSPotentiallyInvalidConstructorUsage" enabled="false" level="WARNING" enabled_by_default="false">
    <option name="myConsiderUppercaseFunctionsToBeConstructors" value="true" />
  </inspection_tool>
  <inspection_tool class="JSPotentiallyInvalidTargetOfIndexedPropertyAccess" enabled="false" level="WARNING" enabled_by_default="false" />
  <inspection_tool class="JSPotentiallyInvalidUsageOfClassThis" enabled="false" level="WARNING" enabled_by_default="false" />
  <inspection_tool class="JSPotentiallyInvalidUsageOfThis" enabled="false" level="WARNING" enabled_by_default="false" />
  <inspection_tool class="JSPrimitiveTypeWrapperUsage" enabled="false" level="WARNING" enabled_by_default="false" />
  <inspection_tool class="JSRedundantSwitchStatement" enabled="false" level="INFORMATION" enabled_by_default="false" />
  <inspection_tool class="JSReferencingArgumentsOutsideOfFunction" enabled="false" level="ERROR" enabled_by_default="false" />
  <inspection_tool class="JSReferencingMutableVariableFromClosure" enabled="false" level="WARNING" enabled_by_default="false" />
  <inspection_tool class="JSRemoveUnnecessaryParentheses" enabled="false" level="INFORMATION" enabled_by_default="false" />
  <inspection_tool class="JSStringConcatenationToES6Template" enabled="false" level="INFORMATION" enabled_by_default="false" />
  <inspection_tool class="JSSuspiciousEqPlus" enabled="false" level="WARNING" enabled_by_default="false" />
  <inspection_tool class="JSSuspiciousNameCombination" enabled="false" level="WARNING" enabled_by_default="false">
    <group names="x,width,left,right" />
    <group names="y,height,top,bottom" />
    <exclude classes="Math" />
  </inspection_tool>
  <inspection_tool class="JSSwitchVariableDeclarationIssue" enabled="false" level="WARNING" enabled_by_default="false" />
  <inspection_tool class="JSTestFailedLine" enabled="false" level="WARNING" enabled_by_default="false" />
  <inspection_tool class="JSTypeOfValues" enabled="false" level="WARNING" enabled_by_default="false" />
  <inspection_tool class="JSUndeclaredVariable" enabled="false" level="WEAK WARNING" enabled_by_default="false" />
  <inspection_tool class="JSUndefinedPropertyAssignment" enabled="false" level="WEAK WARNING" enabled_by_default="false" />
  <inspection_tool class="JSUnfilteredForInLoop" enabled="false" level="WARNING" enabled_by_default="false" />
  <inspection_tool class="JSUnnecessarySemicolon" enabled="false" level="WARNING" enabled_by_default="false" />
  <inspection_tool class="JSUnreachableSwitchBranches" enabled="false" level="WARNING" enabled_by_default="false" />
  <inspection_tool class="JSUnresolvedExtXType" enabled="false" level="WARNING" enabled_by_default="false" />
  <inspection_tool class="JSUnresolvedFunction" enabled="false" level="WEAK WARNING" enabled_by_default="false" />
  <inspection_tool class="JSUnresolvedLibraryURL" enabled="false" level="WARNING" enabled_by_default="false" />
  <inspection_tool class="JSUnresolvedVariable" enabled="false" level="WEAK WARNING" enabled_by_default="false" />
  <inspection_tool class="JSUnusedAssignment" enabled="false" level="WARNING" enabled_by_default="false" />
  <inspection_tool class="JSUnusedGlobalSymbols" enabled="false" level="WARNING" enabled_by_default="false" />
  <inspection_tool class="JSUnusedLocalSymbols" enabled="false" level="WARNING" enabled_by_default="false" />
  <inspection_tool class="JSValidateJSDoc" enabled="false" level="WARNING" enabled_by_default="false" />
  <inspection_tool class="JSValidateTypes" enabled="false" level="WEAK WARNING" enabled_by_default="false" />
  <inspection_tool class="JSXNamespaceValidation" enabled="false" level="WEAK WARNING" enabled_by_default="false" />
  <inspection_tool class="Json5StandardCompliance" enabled="false" level="ERROR" enabled_by_default="false" />
  <inspection_tool class="JsonDuplicatePropertyKeys" enabled="false" level="WARNING" enabled_by_default="false" />
  <inspection_tool class="JsonPathEvaluateUnknownKey" enabled="false" level="WARNING" enabled_by_default="false" />
  <inspection_tool class="JsonPathUnknownFunction" enabled="false" level="WARNING" enabled_by_default="false" />
  <inspection_tool class="JsonPathUnknownOperator" enabled="false" level="WARNING" enabled_by_default="false" />
  <inspection_tool class="JsonSchemaCompliance" enabled="false" level="WARNING" enabled_by_default="false" />
  <inspection_tool class="JsonSchemaDeprecation" enabled="false" level="WEAK WARNING" enabled_by_default="false" />
  <inspection_tool class="JsonSchemaRefReference" enabled="false" level="WARNING" enabled_by_default="false" />
  <inspection_tool class="JsonStandardCompliance" enabled="false" level="ERROR" enabled_by_default="false" />
  <inspection_tool class="KeyValueCoding" enabled="false" level="WARNING" enabled_by_default="false" />
  <inspection_tool class="LastArgumentMustBeNull" enabled="false" level="WARNING" enabled_by_default="false" />
  <inspection_tool class="LessResolvedByNameOnly" enabled="false" level="WEAK WARNING" enabled_by_default="false" />
  <inspection_tool class="LessUnresolvedMixin" enabled="false" level="WARNING" enabled_by_default="false" />
  <inspection_tool class="LessUnresolvedVariable" enabled="false" level="WARNING" enabled_by_default="false" />
  <inspection_tool class="LoopStatementThatDoesntLoopJS" enabled="false" level="WARNING" enabled_by_default="false" />
  <inspection_tool class="LossyEncoding" enabled="false" level="WARNING" enabled_by_default="false" />
  <inspection_tool class="MarkdownUnresolvedFileReference" enabled="false" level="WARNING" enabled_by_default="false" />
  <inspection_tool class="MemberVisibility" enabled="false" level="WARNING" enabled_by_default="false" />
  <inspection_tool class="MethodIsLaterInTheScope" enabled="false" level="WARNING" enabled_by_default="false" />
  <inspection_tool class="MethodParameterCountMismatch" enabled="false" level="WARNING" enabled_by_default="false" />
  <inspection_tool class="Misra" enabled="true" level="WARNING" enabled_by_default="true" />
  <inspection_tool class="MongoJSResolveInspection" enabled="false" level="WARNING" enabled_by_default="false" />
  <inspection_tool class="MsBuiltinInspection" enabled="false" level="WARNING" enabled_by_default="false" />
  <inspection_tool class="MsOrderByInspection" enabled="false" level="ERROR" enabled_by_default="false" />
  <inspection_tool class="MysqlLoadDataPathInspection" enabled="false" level="WARNING" enabled_by_default="false" />
  <inspection_tool class="MysqlParsingInspection" enabled="false" level="WARNING" enabled_by_default="false" />
  <inspection_tool class="NoAttributeForProperty" enabled="false" level="WARNING" enabled_by_default="false" />
  <inspection_tool class="NoClassDefinition" enabled="false" level="WARNING" enabled_by_default="false" />
  <inspection_tool class="NoDefaultBaseConstructor" enabled="false" level="WARNING" enabled_by_default="false" />
  <inspection_tool class="NoGetterOrSetter" enabled="false" level="WARNING" enabled_by_default="false" />
  <inspection_tool class="NodeModulesDependencies" enabled="false" level="WEAK WARNING" enabled_by_default="false" />
  <inspection_tool class="NonAsciiCharacters" enabled="false" level="WARNING" enabled_by_default="false" />
  <inspection_tool class="NotAssignable" enabled="false" level="WARNING" enabled_by_default="false" />
  <inspection_tool class="NotImplementedMethods" enabled="false" level="WARNING" enabled_by_default="false" />
  <inspection_tool class="NotImplementsProtocol" enabled="false" level="WARNING" enabled_by_default="false" />
  <inspection_tool class="NotInHierarchyMessage" enabled="false" level="WARNING" enabled_by_default="false" />
  <inspection_tool class="NotReleasedValue" enabled="false" level="WARNING" enabled_by_default="false" />
  <inspection_tool class="NotVisibleClass" enabled="false" level="WARNING" enabled_by_default="false" />
  <inspection_tool class="NpmUsedModulesInstalled" enabled="false" level="WEAK WARNING" enabled_by_default="false" />
  <inspection_tool class="OCDFA" enabled="false" level="WARNING" enabled_by_default="false" />
  <inspection_tool class="OCGlobalUnused" enabled="false" level="WARNING" enabled_by_default="false" />
  <inspection_tool class="OCInconsistentNaming" enabled="true" level="WEAK WARNING" enabled_by_default="true" />
  <inspection_tool class="OCLegacyObjCLiteral" enabled="false" level="WARNING" enabled_by_default="false" />
  <inspection_tool class="OCNotLocalizedString" enabled="false" level="WARNING" enabled_by_default="false" />
  <inspection_tool class="OCNotReleasedIvar" enabled="false" level="WARNING" enabled_by_default="false" />
  <inspection_tool class="OCUnusedClass" enabled="false" level="WARNING" enabled_by_default="false" />
  <inspection_tool class="OCUnusedConcept" enabled="true" level="WEAK WARNING" enabled_by_default="true" />
  <inspection_tool class="OCUnusedGlobalDeclaration" enabled="true" level="ERROR" enabled_by_default="true" />
  <inspection_tool class="OCUnusedInstanceVariable" enabled="false" level="WARNING" enabled_by_default="false" />
  <inspection_tool class="OCUnusedMacro" enabled="true" level="TYPO" enabled_by_default="true" />
  <inspection_tool class="OCUnusedMethod" enabled="false" level="WARNING" enabled_by_default="false" />
  <inspection_tool class="OCUnusedProperty" enabled="false" level="WARNING" enabled_by_default="false" />
  <inspection_tool class="OldAliasSyntax" enabled="false" level="WARNING" enabled_by_default="false" />
  <inspection_tool class="OraDeprecateTypeInspection" enabled="false" level="WARNING" enabled_by_default="false" />
  <inspection_tool class="OtherCpp" enabled="false" level="WARNING" enabled_by_default="false" />
  <inspection_tool class="OtherObjC" enabled="false" level="WARNING" enabled_by_default="false" />
  <inspection_tool class="OverriddenAttributeMismatch" enabled="false" level="WARNING" enabled_by_default="false" />
  <inspection_tool class="OverriddenTypeMismatch" enabled="false" level="WARNING" enabled_by_default="false" />
  <inspection_tool class="PackageJsonMismatchedDependency" enabled="false" level="WARNING" enabled_by_default="false" />
  <inspection_tool class="PgSelectFromProcedureInspection" enabled="false" level="WARNING" enabled_by_default="false" />
  <inspection_tool class="PointerTypeRequired" enabled="false" level="WARNING" enabled_by_default="false" />
  <inspection_tool class="PointlessArithmeticExpressionJS" enabled="false" level="WARNING" enabled_by_default="false" />
  <inspection_tool class="PointlessBooleanExpressionJS" enabled="false" level="WARNING" enabled_by_default="false" />
  <inspection_tool class="PossiblyUndefinedSymbol" enabled="false" level="WARNING" enabled_by_default="false" />
  <inspection_tool class="PrivateCategoryShouldBeNearImplementation" enabled="false" level="WARNING" enabled_by_default="false" />
  <inspection_tool class="PropertyAndIvarTypeMismatch" enabled="false" level="WARNING" enabled_by_default="false" />
  <inspection_tool class="PyAbstractClassInspection" enabled="false" level="WEAK WARNING" enabled_by_default="false" />
  <inspection_tool class="PyArgumentListInspection" enabled="false" level="WARNING" enabled_by_default="false" />
  <inspection_tool class="PyAssignmentToLoopOrWithParameterInspection" enabled="false" level="WEAK WARNING" enabled_by_default="false" />
  <inspection_tool class="PyAsyncCallInspection" enabled="false" level="WARNING" enabled_by_default="false" />
  <inspection_tool class="PyAttributeOutsideInitInspection" enabled="false" level="WEAK WARNING" enabled_by_default="false" />
  <inspection_tool class="PyBroadExceptionInspection" enabled="false" level="WEAK WARNING" enabled_by_default="false" />
  <inspection_tool class="PyByteLiteralInspection" enabled="false" level="WARNING" enabled_by_default="false" />
  <inspection_tool class="PyCallByClassInspection" enabled="false" level="WEAK WARNING" enabled_by_default="false" />
  <inspection_tool class="PyCallingNonCallableInspection" enabled="false" level="WARNING" enabled_by_default="false" />
  <inspection_tool class="PyChainedComparisonsInspection" enabled="false" level="WEAK WARNING" enabled_by_default="false" />
  <inspection_tool class="PyClassHasNoInitInspection" enabled="false" level="WEAK WARNING" enabled_by_default="false" />
  <inspection_tool class="PyComparisonWithNoneInspection" enabled="false" level="WEAK WARNING" enabled_by_default="false" />
  <inspection_tool class="PyDataclassInspection" enabled="false" level="WARNING" enabled_by_default="false" />
  <inspection_tool class="PyDecoratorInspection" enabled="false" level="WARNING" enabled_by_default="false" />
  <inspection_tool class="PyDefaultArgumentInspection" enabled="false" level="WARNING" enabled_by_default="false" />
  <inspection_tool class="PyDeprecationInspection" enabled="false" level="WARNING" enabled_by_default="false" />
  <inspection_tool class="PyDictCreationInspection" enabled="false" level="WEAK WARNING" enabled_by_default="false" />
  <inspection_tool class="PyDictDuplicateKeysInspection" enabled="false" level="WARNING" enabled_by_default="false" />
  <inspection_tool class="PyDocstringTypesInspection" enabled="false" level="WEAK WARNING" enabled_by_default="false" />
  <inspection_tool class="PyDunderSlotsInspection" enabled="false" level="WARNING" enabled_by_default="false" />
  <inspection_tool class="PyExceptClausesOrderInspection" enabled="false" level="WARNING" enabled_by_default="false" />
  <inspection_tool class="PyExceptionInheritInspection" enabled="false" level="WARNING" enabled_by_default="false" />
  <inspection_tool class="PyFinalInspection" enabled="false" level="WARNING" enabled_by_default="false" />
  <inspection_tool class="PyFromFutureImportInspection" enabled="false" level="WARNING" enabled_by_default="false" />
  <inspection_tool class="PyGlobalUndefinedInspection" enabled="false" level="WEAK WARNING" enabled_by_default="false" />
  <inspection_tool class="PyInconsistentIndentationInspection" enabled="false" level="WARNING" enabled_by_default="false" />
  <inspection_tool class="PyIncorrectDocstringInspection" enabled="false" level="WEAK WARNING" enabled_by_default="false" />
  <inspection_tool class="PyInitNewSignatureInspection" enabled="false" level="WARNING" enabled_by_default="false" />
  <inspection_tool class="PyInterpreterInspection" enabled="false" level="WARNING" enabled_by_default="false" />
  <inspection_tool class="PyListCreationInspection" enabled="false" level="WEAK WARNING" enabled_by_default="false" />
  <inspection_tool class="PyMethodFirstArgAssignmentInspection" enabled="false" level="WARNING" enabled_by_default="false" />
  <inspection_tool class="PyMethodMayBeStaticInspection" enabled="false" level="WEAK WARNING" enabled_by_default="false" />
  <inspection_tool class="PyMethodOverridingInspection" enabled="false" level="WARNING" enabled_by_default="false" />
  <inspection_tool class="PyMethodParametersInspection" enabled="false" level="WEAK WARNING" enabled_by_default="false" />
  <inspection_tool class="PyMissingConstructorInspection" enabled="false" level="WARNING" enabled_by_default="false" />
  <inspection_tool class="PyNamedTupleInspection" enabled="false" level="WARNING" enabled_by_default="false" />
  <inspection_tool class="PyNestedDecoratorsInspection" enabled="false" level="WEAK WARNING" enabled_by_default="false" />
  <inspection_tool class="PyNonAsciiCharInspection" enabled="false" level="WARNING" enabled_by_default="false" />
  <inspection_tool class="PyNoneFunctionAssignmentInspection" enabled="false" level="WEAK WARNING" enabled_by_default="false" />
  <inspection_tool class="PyOldStyleClassesInspection" enabled="false" level="WARNING" enabled_by_default="false" />
  <inspection_tool class="PyOverloadsInspection" enabled="false" level="WARNING" enabled_by_default="false" />
  <inspection_tool class="PyPackageRequirementsInspection" enabled="false" level="WARNING" enabled_by_default="false">
    <option name="ignoredPackages">
      <value>
        <list size="0" />
      </value>
    </option>
  </inspection_tool>
  <inspection_tool class="PyPep8Inspection" enabled="false" level="WEAK WARNING" enabled_by_default="false" />
  <inspection_tool class="PyPep8NamingInspection" enabled="false" level="WEAK WARNING" enabled_by_default="false" />
  <inspection_tool class="PyPropertyAccessInspection" enabled="false" level="WARNING" enabled_by_default="false" />
  <inspection_tool class="PyPropertyDefinitionInspection" enabled="false" level="WARNING" enabled_by_default="false" />
  <inspection_tool class="PyProtectedMemberInspection" enabled="false" level="WEAK WARNING" enabled_by_default="false" />
  <inspection_tool class="PyProtocolInspection" enabled="false" level="WARNING" enabled_by_default="false" />
  <inspection_tool class="PyRedeclarationInspection" enabled="false" level="WARNING" enabled_by_default="false" />
  <inspection_tool class="PyRedundantParenthesesInspection" enabled="false" level="WEAK WARNING" enabled_by_default="false" />
  <inspection_tool class="PyReturnFromInitInspection" enabled="false" level="WARNING" enabled_by_default="false" />
  <inspection_tool class="PySetFunctionToLiteralInspection" enabled="false" level="WARNING" enabled_by_default="false" />
  <inspection_tool class="PyShadowingBuiltinsInspection" enabled="false" level="WEAK WARNING" enabled_by_default="false" />
  <inspection_tool class="PyShadowingNamesInspection" enabled="false" level="WEAK WARNING" enabled_by_default="false" />
  <inspection_tool class="PySimplifyBooleanCheckInspection" enabled="false" level="WEAK WARNING" enabled_by_default="false" />
  <inspection_tool class="PySingleQuotedDocstringInspection" enabled="false" level="WEAK WARNING" enabled_by_default="false" />
  <inspection_tool class="PyStatementEffectInspection" enabled="false" level="WARNING" enabled_by_default="false" />
  <inspection_tool class="PyStringExceptionInspection" enabled="false" level="ERROR" enabled_by_default="false" />
  <inspection_tool class="PyStringFormatInspection" enabled="false" level="WARNING" enabled_by_default="false" />
  <inspection_tool class="PyStubPackagesAdvertiser" enabled="false" level="WARNING" enabled_by_default="false" />
  <inspection_tool class="PyStubPackagesCompatibilityInspection" enabled="false" level="WARNING" enabled_by_default="false" />
  <inspection_tool class="PySuperArgumentsInspection" enabled="false" level="WARNING" enabled_by_default="false" />
  <inspection_tool class="PyTestParametrizedInspection" enabled="false" level="WARNING" enabled_by_default="false" />
  <inspection_tool class="PyTrailingSemicolonInspection" enabled="false" level="WARNING" enabled_by_default="false" />
  <inspection_tool class="PyTupleAssignmentBalanceInspection" enabled="false" level="WARNING" enabled_by_default="false" />
  <inspection_tool class="PyTupleItemAssignmentInspection" enabled="false" level="WARNING" enabled_by_default="false" />
  <inspection_tool class="PyTypeCheckerInspection" enabled="false" level="WARNING" enabled_by_default="false" />
  <inspection_tool class="PyTypeHintsInspection" enabled="false" level="WARNING" enabled_by_default="false" />
  <inspection_tool class="PyTypedDictInspection" enabled="false" level="WARNING" enabled_by_default="false" />
  <inspection_tool class="PyUnboundLocalVariableInspection" enabled="false" level="WARNING" enabled_by_default="false" />
  <inspection_tool class="PyUnnecessaryBackslashInspection" enabled="false" level="WARNING" enabled_by_default="false" />
  <inspection_tool class="PyUnreachableCodeInspection" enabled="false" level="WARNING" enabled_by_default="false" />
  <inspection_tool class="PyUnresolvedReferencesInspection" enabled="false" level="WARNING" enabled_by_default="false" />
  <inspection_tool class="PyUnusedLocalInspection" enabled="false" level="WEAK WARNING" enabled_by_default="false" />
  <inspection_tool class="RedundantSuppression" enabled="false" level="WARNING" enabled_by_default="false" />
  <inspection_tool class="RedundantTypeConversion" enabled="false" level="WARNING" enabled_by_default="false">
    <option name="CHECK_ANY" value="false" />
  </inspection_tool>
  <inspection_tool class="RegExpDuplicateAlternationBranch" enabled="false" level="WARNING" enabled_by_default="false" />
  <inspection_tool class="RegExpDuplicateCharacterInClass" enabled="false" level="WARNING" enabled_by_default="false" />
  <inspection_tool class="RegExpEmptyAlternationBranch" enabled="false" level="WARNING" enabled_by_default="false" />
  <inspection_tool class="RegExpEscapedMetaCharacter" enabled="false" level="INFORMATION" enabled_by_default="false" />
  <inspection_tool class="RegExpOctalEscape" enabled="false" level="INFORMATION" enabled_by_default="false" />
  <inspection_tool class="RegExpRedundantEscape" enabled="false" level="WARNING" enabled_by_default="false" />
  <inspection_tool class="RegExpRedundantNestedCharacterClass" enabled="false" level="WARNING" enabled_by_default="false" />
  <inspection_tool class="RegExpRepeatedSpace" enabled="false" level="WARNING" enabled_by_default="false" />
  <inspection_tool class="RegExpSingleCharAlternation" enabled="false" level="WARNING" enabled_by_default="false" />
  <inspection_tool class="RegExpUnexpectedAnchor" enabled="false" level="WARNING" enabled_by_default="false" />
  <inspection_tool class="RegExpUnnecessaryNonCapturingGroup" enabled="false" level="WARNING" enabled_by_default="false" />
  <inspection_tool class="ReleasingOfAssignProperties" enabled="false" level="WARNING" enabled_by_default="false" />
  <inspection_tool class="RequiredAttributes" enabled="false" level="WARNING" enabled_by_default="false">
    <option name="myAdditionalRequiredHtmlAttributes" value="" />
  </inspection_tool>
  <inspection_tool class="ReservedWordUsedAsNameJS" enabled="false" level="WARNING" enabled_by_default="false" />
  <inspection_tool class="ReturnFromFinallyBlockJS" enabled="false" level="WARNING" enabled_by_default="false" />
  <inspection_tool class="SassScssResolvedByNameOnly" enabled="false" level="WEAK WARNING" enabled_by_default="false" />
  <inspection_tool class="SassScssUnresolvedMixin" enabled="false" level="WARNING" enabled_by_default="false" />
  <inspection_tool class="SassScssUnresolvedPlaceholderSelector" enabled="false" level="WARNING" enabled_by_default="false" />
  <inspection_tool class="SassScssUnresolvedVariable" enabled="false" level="WARNING" enabled_by_default="false" />
  <inspection_tool class="ScalarTypeRequired" enabled="false" level="WARNING" enabled_by_default="false" />
  <inspection_tool class="SetterForReadonlyProperty" enabled="false" level="WARNING" enabled_by_default="false" />
  <inspection_tool class="ShellCheck" enabled="false" level="ERROR" enabled_by_default="false" />
  <inspection_tool class="ShiftOutOfRangeJS" enabled="false" level="WARNING" enabled_by_default="false" />
  <inspection_tool class="SillyAssignmentJS" enabled="false" level="WARNING" enabled_by_default="false" />
  <inspection_tool class="SqlAddNotNullColumnInspection" enabled="false" level="WARNING" enabled_by_default="false" />
  <inspection_tool class="SqlAggregatesInspection" enabled="false" level="WARNING" enabled_by_default="false" />
  <inspection_tool class="SqlAmbiguousColumnInspection" enabled="false" level="WARNING" enabled_by_default="false" />
  <inspection_tool class="SqlAutoIncrementDuplicateInspection" enabled="false" level="WARNING" enabled_by_default="false" />
  <inspection_tool class="SqlCaseVsCoalesceInspection" enabled="false" level="WARNING" enabled_by_default="false" />
  <inspection_tool class="SqlCaseVsIfInspection" enabled="false" level="WARNING" enabled_by_default="false" />
  <inspection_tool class="SqlCheckUsingColumnsInspection" enabled="false" level="WARNING" enabled_by_default="false" />
  <inspection_tool class="SqlConstantConditionInspection" enabled="false" level="WARNING" enabled_by_default="false" />
  <inspection_tool class="SqlCurrentSchemaInspection" enabled="false" level="WARNING" enabled_by_default="false" />
  <inspection_tool class="SqlDerivedTableAliasInspection" enabled="false" level="WARNING" enabled_by_default="false" />
  <inspection_tool class="SqlDialectInspection" enabled="false" level="WARNING" enabled_by_default="false" />
  <inspection_tool class="SqlDropIndexedColumnInspection" enabled="false" level="WARNING" enabled_by_default="false" />
  <inspection_tool class="SqlDtInspection" enabled="false" level="WARNING" enabled_by_default="false" />
  <inspection_tool class="SqlDuplicateColumnInspection" enabled="false" level="WARNING" enabled_by_default="false" />
  <inspection_tool class="SqlErrorHandlingInspection" enabled="false" level="ERROR" enabled_by_default="false" />
  <inspection_tool class="SqlIdentifierInspection" enabled="false" level="WARNING" enabled_by_default="false" />
  <inspection_tool class="SqlIdentifierLengthInspection" enabled="false" level="ERROR" enabled_by_default="false" />
  <inspection_tool class="SqlIllegalCursorStateInspection" enabled="false" level="WARNING" enabled_by_default="false" />
  <inspection_tool class="SqlInsertIntoGeneratedColumnInspection" enabled="false" level="WARNING" enabled_by_default="false" />
  <inspection_tool class="SqlInsertNullIntoNotNullInspection" enabled="false" level="WARNING" enabled_by_default="false" />
  <inspection_tool class="SqlInsertValuesInspection" enabled="false" level="WARNING" enabled_by_default="false" />
  <inspection_tool class="SqlJoinWithoutOnInspection" enabled="false" level="WARNING" enabled_by_default="false" />
  <inspection_tool class="SqlMisleadingReferenceInspection" enabled="false" level="WARNING" enabled_by_default="false" />
  <inspection_tool class="SqlMissingReturnInspection" enabled="false" level="ERROR" enabled_by_default="false" />
  <inspection_tool class="SqlMultipleLimitClausesInspection" enabled="false" level="WARNING" enabled_by_default="false" />
  <inspection_tool class="SqlNoDataSourceInspection" enabled="false" level="WARNING" enabled_by_default="false" />
  <inspection_tool class="SqlNullComparisonInspection" enabled="false" level="WARNING" enabled_by_default="false" />
  <inspection_tool class="SqlRedundantAliasInspection" enabled="false" level="WARNING" enabled_by_default="false" />
  <inspection_tool class="SqlRedundantCodeInCoalesceInspection" enabled="false" level="WARNING" enabled_by_default="false" />
  <inspection_tool class="SqlRedundantElseNullInspection" enabled="false" level="WARNING" enabled_by_default="false" />
  <inspection_tool class="SqlRedundantLimitInspection" enabled="false" level="WARNING" enabled_by_default="false" />
  <inspection_tool class="SqlRedundantOrderingDirectionInspection" enabled="false" level="WARNING" enabled_by_default="false" />
  <inspection_tool class="SqlResolveInspection" enabled="false" level="ERROR" enabled_by_default="false" />
  <inspection_tool class="SqlShouldBeInGroupByInspection" enabled="false" level="WARNING" enabled_by_default="false" />
  <inspection_tool class="SqlSideEffectsInspection" enabled="false" level="WARNING" enabled_by_default="false" />
  <inspection_tool class="SqlSignatureInspection" enabled="false" level="WARNING" enabled_by_default="false" />
  <inspection_tool class="SqlStorageInspection" enabled="false" level="WARNING" enabled_by_default="false" />
  <inspection_tool class="SqlStringLengthExceededInspection" enabled="false" level="WARNING" enabled_by_default="false" />
  <inspection_tool class="SqlTransactionStatementInTriggerInspection" enabled="false" level="WARNING" enabled_by_default="false" />
  <inspection_tool class="SqlTriggerTransitionInspection" enabled="false" level="WARNING" enabled_by_default="false" />
  <inspection_tool class="SqlTypeInspection" enabled="false" level="WARNING" enabled_by_default="false" />
  <inspection_tool class="SqlUnicodeStringLiteralInspection" enabled="false" level="WARNING" enabled_by_default="false" />
  <inspection_tool class="SqlUnreachableCodeInspection" enabled="false" level="WARNING" enabled_by_default="false" />
  <inspection_tool class="SqlUnusedCteInspection" enabled="false" level="WARNING" enabled_by_default="false" />
  <inspection_tool class="SqlUnusedSubqueryItemInspection" enabled="false" level="WARNING" enabled_by_default="false" />
  <inspection_tool class="SqlUnusedVariableInspection" enabled="false" level="WARNING" enabled_by_default="false" />
  <inspection_tool class="SqlWithoutWhereInspection" enabled="false" level="WARNING" enabled_by_default="false" />
  <inspection_tool class="StaticnessMismatch" enabled="false" level="WARNING" enabled_by_default="false" />
  <inspection_tool class="StringLocalization" enabled="false" level="WARNING" enabled_by_default="false" />
  <inspection_tool class="SuspiciousTypeOfGuard" enabled="false" level="WARNING" enabled_by_default="false" />
  <inspection_tool class="SwiftMissingLocalization" enabled="false" level="WARNING" enabled_by_default="false" />
  <inspection_tool class="SwiftRedundantAttribute" enabled="false" level="WEAK WARNING" enabled_by_default="false" />
  <inspection_tool class="SwiftRedundantReturn" enabled="false" level="WEAK WARNING" enabled_by_default="false" />
  <inspection_tool class="SwiftSourceKit" enabled="false" level="WARNING" enabled_by_default="false" />
  <inspection_tool class="SwiftUnnecessaryArgumentList" enabled="false" level="WEAK WARNING" enabled_by_default="false" />
  <inspection_tool class="SwiftUnnecessaryParentheses" enabled="false" level="INFORMATION" enabled_by_default="false" />
  <inspection_tool class="SwiftUnnecessarySelfQualifier" enabled="false" level="WEAK WARNING" enabled_by_default="false" />
  <inspection_tool class="SwiftUnnecessaryTupleWrap" enabled="false" level="WARNING" enabled_by_default="false" />
  <inspection_tool class="TemplateArgumentsIssues" enabled="false" level="WARNING" enabled_by_default="false" />
  <inspection_tool class="ThisExpressionReferencesGlobalObjectJS" enabled="false" level="WARNING" enabled_by_default="false" />
  <inspection_tool class="ThrowFromFinallyBlockJS" enabled="false" level="WARNING" enabled_by_default="false" />
  <inspection_tool class="TomlUnresolvedReference" enabled="false" level="WARNING" enabled_by_default="false" />
  <inspection_tool class="TrivialConditionalJS" enabled="false" level="WARNING" enabled_by_default="false" />
  <inspection_tool class="TrivialIfJS" enabled="false" level="WARNING" enabled_by_default="false" />
  <inspection_tool class="TypeScriptAbstractClassConstructorCanBeMadeProtected" enabled="false" level="WEAK WARNING" enabled_by_default="false" />
  <inspection_tool class="TypeScriptAccessibilityCheck" enabled="false" level="WEAK WARNING" enabled_by_default="false" />
  <inspection_tool class="TypeScriptCheckImport" enabled="false" level="ERROR" enabled_by_default="false" />
  <inspection_tool class="TypeScriptConfig" enabled="false" level="WARNING" enabled_by_default="false" />
  <inspection_tool class="TypeScriptDuplicateUnionOrIntersectionType" enabled="false" level="WARNING" enabled_by_default="false" />
  <inspection_tool class="TypeScriptExplicitMemberType" enabled="false" level="INFORMATION" enabled_by_default="false" />
  <inspection_tool class="TypeScriptFieldCanBeMadeReadonly" enabled="false" level="WEAK WARNING" enabled_by_default="false" />
  <inspection_tool class="TypeScriptLibrary" enabled="false" level="ERROR" enabled_by_default="false" />
  <inspection_tool class="TypeScriptMissingAugmentationImport" enabled="false" level="INFORMATION" enabled_by_default="false" />
  <inspection_tool class="TypeScriptMissingConfigOption" enabled="false" level="WARNING" enabled_by_default="false" />
  <inspection_tool class="TypeScriptRedundantGenericType" enabled="false" level="WEAK WARNING" enabled_by_default="false" />
  <inspection_tool class="TypeScriptSmartCast" enabled="false" level="WARNING" enabled_by_default="false" />
  <inspection_tool class="TypeScriptSuspiciousConstructorParameterAssignment" enabled="false" level="WARNING" enabled_by_default="false" />
  <inspection_tool class="TypeScriptUMDGlobal" enabled="false" level="WEAK WARNING" enabled_by_default="false" />
  <inspection_tool class="TypeScriptUnresolvedFunction" enabled="false" level="WEAK WARNING" enabled_by_default="false" />
  <inspection_tool class="TypeScriptUnresolvedVariable" enabled="false" level="WEAK WARNING" enabled_by_default="false" />
  <inspection_tool class="TypeScriptValidateGenericTypes" enabled="false" level="ERROR" enabled_by_default="false" />
  <inspection_tool class="TypeScriptValidateJSTypes" enabled="false" level="WEAK WARNING" enabled_by_default="false" />
  <inspection_tool class="TypeScriptValidateTypes" enabled="false" level="ERROR" enabled_by_default="false" />
  <inspection_tool class="UnavailableInDeploymentTarget" enabled="false" level="WARNING" enabled_by_default="false" />
  <inspection_tool class="UnnecessaryContinueJS" enabled="false" level="WARNING" enabled_by_default="false" />
  <inspection_tool class="UnnecessaryLabelJS" enabled="false" level="WARNING" enabled_by_default="false" />
  <inspection_tool class="UnnecessaryLabelOnBreakStatementJS" enabled="false" level="WARNING" enabled_by_default="false" />
  <inspection_tool class="UnnecessaryLabelOnContinueStatementJS" enabled="false" level="WARNING" enabled_by_default="false" />
  <inspection_tool class="UnnecessaryLocalVariableJS" enabled="false" level="WARNING" enabled_by_default="false">
    <option name="m_ignoreImmediatelyReturnedVariables" value="false" />
    <option name="m_ignoreAnnotatedVariables" value="false" />
  </inspection_tool>
  <inspection_tool class="UnnecessaryReturnJS" enabled="false" level="WARNING" enabled_by_default="false" />
  <inspection_tool class="UnreachableCodeJS" enabled="false" level="WARNING" enabled_by_default="false" />
  <inspection_tool class="UnresolvedCollectionMessage" enabled="false" level="WARNING" enabled_by_default="false" />
  <inspection_tool class="UnresolvedMessage" enabled="false" level="WARNING" enabled_by_default="false" />
  <inspection_tool class="UnresolvedReference" enabled="false" level="ERROR" enabled_by_default="false" />
  <inspection_tool class="UnusedClass" enabled="false" level="WARNING" enabled_by_default="false" />
  <inspection_tool class="UnusedImportStatement" enabled="false" level="WARNING" enabled_by_default="false" />
  <inspection_tool class="UnusedInstanceVariable" enabled="false" level="WARNING" enabled_by_default="false" />
  <inspection_tool class="UnusedLocalization" enabled="false" level="WARNING" enabled_by_default="false" />
  <inspection_tool class="UnusedMethod" enabled="false" level="WARNING" enabled_by_default="false" />
  <inspection_tool class="UnusedProperty" enabled="false" level="WARNING" enabled_by_default="false" />
  <inspection_tool class="UsingZeroAsNil" enabled="false" level="WARNING" enabled_by_default="false" />
  <inspection_tool class="WebpackConfigHighlighting" enabled="false" level="WARNING" enabled_by_default="false" />
  <inspection_tool class="WithStatementJS" enabled="false" level="WARNING" enabled_by_default="false" />
  <inspection_tool class="XmlDefaultAttributeValue" enabled="false" level="WARNING" enabled_by_default="false" />
  <inspection_tool class="XmlDeprecatedElement" enabled="false" level="WARNING" enabled_by_default="false" />
  <inspection_tool class="XmlDuplicatedId" enabled="false" level="ERROR" enabled_by_default="false" />
  <inspection_tool class="XmlHighlighting" enabled="false" level="ERROR" enabled_by_default="false" />
  <inspection_tool class="XmlInvalidId" enabled="false" level="ERROR" enabled_by_default="false" />
  <inspection_tool class="XmlPathReference" enabled="false" level="ERROR" enabled_by_default="false" />
  <inspection_tool class="XmlUnboundNsPrefix" enabled="false" level="WARNING" enabled_by_default="false" />
  <inspection_tool class="XmlUnusedNamespaceDeclaration" enabled="false" level="WARNING" enabled_by_default="false" />
  <inspection_tool class="XmlWrongRootElement" enabled="false" level="ERROR" enabled_by_default="false" />
  <inspection_tool class="XsltDeclarations" enabled="false" level="ERROR" enabled_by_default="false" />
  <inspection_tool class="XsltTemplateInvocation" enabled="false" level="ERROR" enabled_by_default="false" />
  <inspection_tool class="XsltUnusedDeclaration" enabled="false" level="WARNING" enabled_by_default="false" />
  <inspection_tool class="XsltVariableShadowing" enabled="false" level="WARNING" enabled_by_default="false" />
  <inspection_tool class="YAMLDuplicatedKeys" enabled="false" level="ERROR" enabled_by_default="false" />
  <inspection_tool class="YAMLRecursiveAlias" enabled="false" level="ERROR" enabled_by_default="false" />
  <inspection_tool class="YAMLSchemaDeprecation" enabled="false" level="WEAK WARNING" enabled_by_default="false" />
  <inspection_tool class="YAMLSchemaValidation" enabled="false" level="WARNING" enabled_by_default="false" />
  <inspection_tool class="YAMLUnresolvedAlias" enabled="false" level="ERROR" enabled_by_default="false" />
  <inspection_tool class="YAMLUnusedAnchor" enabled="false" level="WARNING" enabled_by_default="false" />
</profile>