{
  "Working Directory" : "\/Users\/viraltaco",
  "Prompt Before Closing 2" : false,
  "Selected Text Color" : {
    "Green Component" : 0.77144092321395874,
    "Blue Component" : 0.70993047952651978,
    "Red Component" : 0.76960963010787964
  },
  "Rows" : 25,
  "Ansi 11 Color" : {
    "Green Component" : 0.83635991811752319,
    "Blue Component" : 0.38154411315917969,
    "Red Component" : 0.87748134136199951
  },
  "Use Italic Font" : true,
  "HotKey Characters" : "\u0000",
  "Foreground Color" : {
    "Green Component" : 0.77144092321395874,
    "Blue Component" : 0.70993047952651978,
    "Red Component" : 0.76960963010787964
  },
  "HotKey Window Floats" : true,
  "Right Option Key Sends" : 0,
  "Show Status Bar" : true,
  "Character Encoding" : 4,
  "Selection Color" : {
    "Green Component" : 0.20520767569541931,
    "Blue Component" : 0.20521116256713867,
    "Red Component" : 0.20521381497383118
  },
  "Blend" : 0.050000000000000003,
  "Show Mark Indicators" : false,
  "Mouse Reporting" : true,
  "Cursor Boost" : 0,
  "Ansi 4 Color" : {
    "Green Component" : 0.39599207043647766,
    "Blue Component" : 0.99877572059631348,
    "Red Component" : 0.61468899250030518
  },
  "Non-ASCII Anti Aliased" : true,
  "Sync Title" : false,
  "Disable Window Resizing" : true,
  "Description" : "Default",
  "Close Sessions On End" : true,
  "Jobs to Ignore" : [
    "rlogin",
    "ssh",
    "slogin",
    "telnet"
  ],
  "Scrollback Lines" : 100,
  "HotKey Window Reopens On Activation" : false,
  "Draw Powerline Glyphs" : false,
  "Status Bar Layout" : {
    "components" : [
      {
        "class" : "iTermStatusBarWorkingDirectoryComponent",
        "configuration" : {
          "knobs" : {
            "path" : "path",
            "shared text color" : {
              "Red Component" : 1,
              "Color Space" : "sRGB",
              "Blue Component" : 1,
              "Alpha Component" : 1,
              "Green Component" : 1
            },
            "base: priority" : 5,
            "minwidth" : 0,
            "base: compression resistance" : 1,
            "maxwidth" : 1.7976931348623157e+308
          },
          "layout advanced configuration dictionary value" : {
            "font" : ".AppleSystemUIFont 12",
            "algorithm" : 1
          }
        }
      },
      {
        "class" : "iTermStatusBarGitComponent",
        "configuration" : {
          "knobs" : {
            "maxwidth" : 1,
            "iTermStatusBarGitComponentPollingIntervalKey" : 2,
            "base: priority" : 5,
            "minwidth" : 0,
            "base: compression resistance" : 1,
            "shared text color" : {
              "Red Component" : 1,
              "Color Space" : "sRGB",
              "Blue Component" : 1,
              "Alpha Component" : 1,
              "Green Component" : 1
            }
          },
          "layout advanced configuration dictionary value" : {
            "font" : ".AppleSystemUIFont 12",
            "algorithm" : 1
          }
        }
      },
      {
        "class" : "iTermStatusBarSpringComponent",
        "configuration" : {
          "knobs" : {
            "iTermStatusBarSpringComponentSpringConstantKey" : 0
          },
          "layout advanced configuration dictionary value" : {
            "font" : ".AppleSystemUIFont 12",
            "algorithm" : 1
          }
        }
      },
      {
        "class" : "iTermStatusBarCPUUtilizationComponent",
        "configuration" : {
          "knobs" : {
            "base: priority" : 0,
            "shared text color" : {
              "Red Component" : 1,
              "Color Space" : "sRGB",
              "Blue Component" : 1,
              "Alpha Component" : 1,
              "Green Component" : 1
            }
          },
          "layout advanced configuration dictionary value" : {
            "font" : ".AppleSystemUIFont 12",
            "algorithm" : 1
          }
        }
      },
      {
        "class" : "iTermStatusBarMemoryUtilizationComponent",
        "configuration" : {
          "knobs" : {
            "base: priority" : 5,
            "shared text color" : {
              "Red Component" : 1,
              "Color Space" : "sRGB",
              "Blue Component" : 1,
              "Alpha Component" : 1,
              "Green Component" : 1
            }
          },
          "layout advanced configuration dictionary value" : {
            "font" : ".AppleSystemUIFont 12",
            "algorithm" : 1
          }
        }
      },
      {
        "class" : "iTermStatusBarClockComponent",
        "configuration" : {
          "knobs" : {
            "localize" : 1,
            "base: priority" : 5,
            "base: compression resistance" : 1,
            "shared text color" : {
              "Red Component" : 1,
              "Color Space" : "sRGB",
              "Blue Component" : 1,
              "Alpha Component" : 1,
              "Green Component" : 1
            },
            "format" : "hh:mm"
          },
          "layout advanced configuration dictionary value" : {
            "font" : ".AppleSystemUIFont 12",
            "algorithm" : 1
          }
        }
      }
    ],
    "advanced configuration" : {
      "font" : ".AppleSystemUIFont 12",
      "algorithm" : 1
    }
  },
  "Prevent Opening in a Tab" : false,
  "Flashing Bell" : false,
  "Cursor Guide Color" : {
    "Red Component" : 0.70213186740875244,
    "Color Space" : "sRGB",
    "Blue Component" : 1,
    "Alpha Component" : 0.25,
    "Green Component" : 0.9268307089805603
  },
  "BM Growl" : true,
  "Ansi 3 Color" : {
    "Green Component" : 0.51805692911148071,
    "Blue Component" : 0.099807053804397583,
    "Red Component" : 0.98094809055328369
  },
  "Icon" : 1,
  "Link Color" : {
    "Red Component" : 0,
    "Color Space" : "sRGB",
    "Blue Component" : 0.73423302173614502,
    "Alpha Component" : 1,
    "Green Component" : 0.35916060209274292
  },
  "Use Non-ASCII Font" : false,
  "Shortcut" : "",
  "Bold Color" : {
    "Green Component" : 0.77144092321395874,
    "Blue Component" : 0.70993047952651978,
    "Red Component" : 0.76960963010787964
  },
  "Use Cursor Guide" : false,
  "Unlimited Scrollback" : false,
  "Custom Command" : "No",
  "HotKey Key Code" : 49,
  "Title Components" : 512,
  "Keyboard Map" : {
    "0xf728-0x80000" : {
      "Action" : 10,
      "Text" : "d"
    },
    "0xf702-0x280000" : {
      "Action" : 10,
      "Text" : "b"
    },
    "0xf70d-0x20000" : {
      "Action" : 10,
      "Text" : "[21;2~"
    },
    "0x7f-0x80000" : {
      "Action" : 11,
      "Text" : "0x1b 0x7f"
    },
    "0xf708-0x20000" : {
      "Action" : 10,
      "Text" : "[15;2~"
    },
    "0x33-0x40000" : {
      "Action" : 11,
      "Text" : "0x1b"
    },
    "0xf703-0x260000" : {
      "Action" : 10,
      "Text" : "[1;6C"
    },
    "0xf729-0x20000" : {
      "Action" : 10,
      "Text" : "[1;2H"
    },
    "0xf702-0x260000" : {
      "Action" : 10,
      "Text" : "[1;6D"
    },
    "0x38-0x40000" : {
      "Action" : 11,
      "Text" : "0x7f"
    },
    "0xf72b-0x40000" : {
      "Action" : 10,
      "Text" : "[1;5F"
    },
    "0xf70c-0x20000" : {
      "Action" : 10,
      "Text" : "[20;2~"
    },
    "0xf701-0x260000" : {
      "Action" : 10,
      "Text" : "[1;6B"
    },
    "0x32-0x40000" : {
      "Action" : 11,
      "Text" : "0x00"
    },
    "0xf707-0x20000" : {
      "Action" : 10,
      "Text" : "[1;2S"
    },
    "0xf703-0x240000" : {
      "Action" : 10,
      "Text" : "[1;5C"
    },
    "0xf700-0x260000" : {
      "Action" : 10,
      "Text" : "[1;6A"
    },
    "0xf702-0x240000" : {
      "Action" : 10,
      "Text" : "[1;5D"
    },
    "0x37-0x40000" : {
      "Action" : 11,
      "Text" : "0x1f"
    },
    "0x3-0x200000" : {
      "Action" : 11,
      "Text" : "0xd"
    },
    "0xf701-0x240000" : {
      "Action" : 10,
      "Text" : "[1;5B"
    },
    "0xf70b-0x20000" : {
      "Action" : 10,
      "Text" : "[19;2~"
    },
    "0xf703-0x220000" : {
      "Action" : 10,
      "Text" : "[1;2C"
    },
    "0xf739-0x0" : {
      "Action" : 13,
      "Text" : ""
    },
    "0xf728-0x0" : {
      "Action" : 11,
      "Text" : "0x4"
    },
    "0xf706-0x20000" : {
      "Action" : 10,
      "Text" : "[1;2R"
    },
    "0xf700-0x240000" : {
      "Action" : 10,
      "Text" : "[1;5A"
    },
    "0xf702-0x220000" : {
      "Action" : 10,
      "Text" : "[1;2D"
    },
    "0x36-0x40000" : {
      "Action" : 11,
      "Text" : "0x1e"
    },
    "0xf70f-0x20000" : {
      "Action" : 10,
      "Text" : "[24;2~"
    },
    "0xf701-0x220000" : {
      "Action" : 10,
      "Text" : "[1;2B"
    },
    "0xf70a-0x20000" : {
      "Action" : 10,
      "Text" : "[18;2~"
    },
    "0xf729-0x40000" : {
      "Action" : 10,
      "Text" : "[1;5H"
    },
    "0xf72b-0x20000" : {
      "Action" : 10,
      "Text" : "[1;2F"
    },
    "0xf700-0x220000" : {
      "Action" : 10,
      "Text" : "[1;2A"
    },
    "0x30-0x200000" : {
      "Action" : 12,
      "Text" : "0"
    },
    "0xf705-0x20000" : {
      "Action" : 10,
      "Text" : "[1;2Q"
    },
    "0x31-0x200000" : {
      "Action" : 12,
      "Text" : "1"
    },
    "0x33-0x200000" : {
      "Action" : 12,
      "Text" : "3"
    },
    "0x35-0x40000" : {
      "Action" : 11,
      "Text" : "0x1d"
    },
    "0x34-0x200000" : {
      "Action" : 12,
      "Text" : "4"
    },
    "0x32-0x200000" : {
      "Action" : 12,
      "Text" : "2"
    },
    "0x35-0x200000" : {
      "Action" : 12,
      "Text" : "5"
    },
    "0x36-0x200000" : {
      "Action" : 12,
      "Text" : "6"
    },
    "0x37-0x200000" : {
      "Action" : 12,
      "Text" : "7"
    },
    "0x2d-0x40000" : {
      "Action" : 11,
      "Text" : "0x1f"
    },
    "0x38-0x200000" : {
      "Action" : 12,
      "Text" : "8"
    },
    "0x2a-0x200000" : {
      "Action" : 12,
      "Text" : "*"
    },
    "0x39-0x200000" : {
      "Action" : 12,
      "Text" : "9"
    },
    "0x2b-0x200000" : {
      "Action" : 12,
      "Text" : "+"
    },
    "0xf70e-0x20000" : {
      "Action" : 10,
      "Text" : "[23;2~"
    },
    "0x2d-0x200000" : {
      "Action" : 12,
      "Text" : "-"
    },
    "0x2e-0x200000" : {
      "Action" : 12,
      "Text" : "."
    },
    "0xf709-0x20000" : {
      "Action" : 10,
      "Text" : "[17;2~"
    },
    "0x7f-0x100000" : {
      "Action" : 11,
      "Text" : "0x15"
    },
    "0x2f-0x200000" : {
      "Action" : 12,
      "Text" : "\/"
    },
    "0xf704-0x20000" : {
      "Action" : 10,
      "Text" : "[1;2P"
    },
    "0x34-0x40000" : {
      "Action" : 11,
      "Text" : "0x1c"
    },
    "0xf703-0x280000" : {
      "Action" : 10,
      "Text" : "f"
    }
  },
  "Ansi 14 Color" : {
    "Green Component" : 0.81977206468582153,
    "Blue Component" : 0.92060363292694092,
    "Red Component" : 0.34416967630386353
  },
  "Ansi 2 Color" : {
    "Green Component" : 0.87921047210693359,
    "Blue Component" : 0.14004382491111755,
    "Red Component" : 0.59473341703414917
  },
  "Background Image Is Tiled" : false,
  "Send Code When Idle" : false,
  "ASCII Anti Aliased" : true,
  "Tags" : [

  ],
  "Ansi 9 Color" : {
    "Green Component" : 0,
    "Blue Component" : 0.3728577196598053,
    "Red Component" : 0.95683503150939941
  },
  "Use Bold Font" : true,
  "Silence Bell" : false,
  "Ansi 12 Color" : {
    "Green Component" : 0.39599207043647766,
    "Blue Component" : 0.99877572059631348,
    "Red Component" : 0.61468899250030518
  },
  "Window Type" : 0,
  "Allow Title Reporting" : true,
  "Use Bright Bold" : true,
  "Has Hotkey" : true,
  "HotKey Modifier Activation" : 0,
  "Cursor Text Color" : {
    "Green Component" : 0.77144092321395874,
    "Blue Component" : 0.70993047952651978,
    "Red Component" : 0.76960963010787964
  },
  "HotKey Window Dock Click Action" : 0,
  "Default Bookmark" : "No",
  "Cursor Color" : {
    "Green Component" : 0.96674919128417969,
    "Blue Component" : 0.92647796869277954,
    "Red Component" : 0.96554505825042725
  },
  "Ansi 1 Color" : {
    "Green Component" : 0,
    "Blue Component" : 0.3728577196598053,
    "Red Component" : 0.95683503150939941
  },
  "Name" : "Fullscreen",
  "Blinking Cursor" : true,
  "Guid" : "BD3EFAD8-8B3F-4A00-B156-9E1CCFABBD5F",
  "Ansi 8 Color" : {
    "Green Component" : 0.36959609389305115,
    "Blue Component" : 0.29652142524719238,
    "Red Component" : 0.3829454779624939
  },
  "Ansi 10 Color" : {
    "Green Component" : 0.87921047210693359,
    "Blue Component" : 0.14004382491111755,
    "Red Component" : 0.59473341703414917
  },
  "Idle Code" : 0,
  "Badge Color" : {
    "Red Component" : 1,
    "Color Space" : "sRGB",
    "Blue Component" : 0,
    "Alpha Component" : 0.5,
    "Green Component" : 0.1491314172744751
  },
  "Ambiguous Double Width" : false,
  "Blur Radius" : 30,
  "Cursor Type" : 0,
  "Ansi 0 Color" : {
    "Green Component" : 0.10051288455724716,
    "Blue Component" : 0.10051459074020386,
    "Red Component" : 0.10051589459180832
  },
  "Blur" : false,
  "Normal Font" : "Hack-Regular 16",
  "Vertical Spacing" : 1,
  "Use Underline Color" : false,
  "Ansi 7 Color" : {
    "Green Component" : 0.77144092321395874,
    "Blue Component" : 0.70993047952651978,
    "Red Component" : 0.76960963010787964
  },
  "Space" : -1,
  "HotKey Window AutoHides" : false,
  "Command" : "",
  "Terminal Type" : "xterm-256color",
  "Horizontal Spacing" : 1,
  "Reduce Flicker" : true,
  "Option Key Sends" : 0,
  "Only The Default BG Color Uses Transparency" : false,
  "HotKey Window Animates" : true,
  "Blink Allowed" : true,
  "Ansi 15 Color" : {
    "Green Component" : 0.96549534797668457,
    "Blue Component" : 0.9359474778175354,
    "Red Component" : 0.96537256240844727
  },
  "HotKey Modifier Flags" : 393216,
  "Open Toolbelt" : false,
  "Ansi 6 Color" : {
    "Green Component" : 0.81977206468582153,
    "Blue Component" : 0.92060363292694092,
    "Red Component" : 0.34416967630386353
  },
  "Transparency" : 0,
  "HotKey Activated By Modifier" : true,
  "Background Color" : {
    "Red Component" : 0.062745098039215685,
    "Color Space" : "sRGB",
    "Blue Component" : 0.062745098039215685,
    "Alpha Component" : 1,
    "Green Component" : 0.062745098039215685
  },
  "Minimum Contrast" : 0,
  "Screen" : -2,
  "HotKey Characters Ignoring Modifiers" : " ",
  "Initial Use Transparency" : false,
  "Bound Hosts" : [

  ],
  "tmux Pane Title" : "Fullscreen",
  "Non Ascii Font" : "Monaco 12",
  "Ansi 13 Color" : {
    "Green Component" : 0,
    "Blue Component" : 0.3728577196598053,
    "Red Component" : 0.95683503150939941
  },
  "Columns" : 80,
  "HotKey Alternate Shortcuts" : [

  ],
  "Use Tab Color" : false,
  "Visual Bell" : true,
  "Custom Directory" : "Recycle",
  "Ansi 5 Color" : {
    "Green Component" : 0,
    "Blue Component" : 0.3728577196598053,
    "Red Component" : 0.95683503150939941
  },
  "Thin Strokes" : 1
}