<code_scheme name="viral_style" version="173">
  <option name="RIGHT_MARGIN" value="80" />
  <option name="SOFT_MARGINS" value="80" />
  <CMakeCodeStyleSettings>
    <option name="FORCE_COMMANDS_CASE" value="1" />
  </CMakeCodeStyleSettings>
  <Objective-C>
    <option name="INDENT_NAMESPACE_MEMBERS" value="0" />
    <option name="INDENT_C_STRUCT_MEMBERS" value="2" />
    <option name="INDENT_CLASS_MEMBERS" value="2" />
    <option name="INDENT_INSIDE_CODE_BLOCK" value="2" />
    <option name="KEEP_STRUCTURES_IN_ONE_LINE" value="true" />
    <option name="KEEP_CASE_EXPRESSIONS_IN_ONE_LINE" value="true" />
    <option name="FUNCTION_PARAMETERS_NEW_LINE_AFTER_LPAR" value="true" />
    <option name="FUNCTION_PARAMETERS_NEW_LINE_BEFORE_RPAR" value="true" />
    <option name="LAMBDA_CAPTURE_LIST_WRAP" value="5" />
    <option name="LAMBDA_CAPTURE_LIST_ALIGN_MULTILINE" value="true" />
    <option name="FUNCTION_CALL_ARGUMENTS_NEW_LINE_AFTER_LPAR" value="true" />
    <option name="FUNCTION_CALL_ARGUMENTS_NEW_LINE_BEFORE_RPAR" value="true" />
    <option name="SHIFT_OPERATION_WRAP" value="5" />
    <option name="TEMPLATE_DECLARATION_STRUCT_WRAP" value="1" />
    <option name="TEMPLATE_DECLARATION_FUNCTION_WRAP" value="1" />
    <option name="TEMPLATE_PARAMETERS_WRAP" value="1" />
    <option name="TEMPLATE_PARAMETERS_ALIGN_MULTILINE" value="true" />
    <option name="TEMPLATE_CALL_ARGUMENTS_WRAP" value="1" />
    <option name="TEMPLATE_CALL_ARGUMENTS_ALIGN_MULTILINE" value="true" />
    <option name="CLASS_CONSTRUCTOR_INIT_LIST_COMMA_ON_NEXT_LINE" value="true" />
    <option name="CLASS_CONSTRUCTOR_INIT_LIST_NEW_LINE_BEFORE_COLON" value="1" />
    <option name="SUPERCLASS_LIST_WRAP" value="1" />
    <option name="SUPERCLASS_LIST_COMMA_ON_NEXT_LINE" value="true" />
    <option name="SPACE_BEFORE_TEMPLATE_DECLARATION_LT" value="true" />
    <option name="ARRAY_INITIALIZER_COMMA_ON_NEXT_LINE" value="true" />
    <option name="ENUM_CONSTANTS_COMMA_ON_NEXT_LINE" value="true" />
    <option name="SPACE_BEFORE_SUPERCLASS_COLON" value="false" />
    <option name="SPACE_BEFORE_INIT_LIST_COLON" value="false" />
    <option name="SPACE_BEFORE_PROTOCOLS_BRACKETS" value="false" />
    <option name="SPACE_BEFORE_POINTER_IN_DECLARATION" value="false" />
    <option name="SPACE_AFTER_POINTER_IN_DECLARATION" value="true" />
    <option name="SPACE_BEFORE_REFERENCE_IN_DECLARATION" value="false" />
    <option name="SPACE_AFTER_REFERENCE_IN_DECLARATION" value="true" />
    <option name="SPACE_BETWEEN_ADJACENT_BRACKETS" value="true" />
    <option name="SPACE_BETWEEN_OPERATOR_AND_PUNCTUATOR" value="true" />
    <option name="DISCHARGED_SHORT_TERNARY_OPERATOR" value="true" />
    <option name="KEEP_BLANK_LINES_BEFORE_END" value="1" />
    <option name="INSERT_VIRTUAL_WITH_OVERRIDE" value="true" />
    <option name="ADD_BRIEF_TAG" value="true" />
    <option name="TAG_PREFIX_OF_LINE_COMMENT" value="AT" />
    <option name="ADD_GETTER_PREFIX" value="false" />
    <option name="ADD_SETTER_PREFIX" value="false" />
    <option name="HEADER_GUARD_STYLE_PATTERN" value="VIRALTACO_UNDERSCORE_${PROJECT_NAME}_${FILE_NAME}_${EXT}" />
  </Objective-C>
  <Objective-C-extensions>
    <option name="TAG_PREFIX_OF_LINE_COMMENT" value="AT" />
    <extensions>
      <pair source="cpp" header="hpp" fileNamingConvention="SNAKE_CASE" />
      <pair source="c" header="h" fileNamingConvention="NONE" />
      <pair source="cu" header="cuh" fileNamingConvention="NONE" />
    </extensions>
    <rules>
      <rule entity="NAMESPACE" visibility="ANY" specifier="ANY" prefix="" style="SNAKE_CASE" suffix="" />
      <rule entity="MACRO" visibility="ANY" specifier="ANY" prefix="" style="SCREAMING_SNAKE_CASE" suffix="" />
      <rule entity="CLASS" visibility="ANY" specifier="ANY" prefix="" style="SNAKE_CASE" suffix="" />
      <rule entity="STRUCT" visibility="ANY" specifier="ANY" prefix="" style="SNAKE_CASE" suffix="" />
      <rule entity="ENUM" visibility="ANY" specifier="ANY" prefix="" style="NONE" suffix="" />
      <rule entity="ENUMERATOR" visibility="ANY" specifier="ANY" prefix="" style="NONE" suffix="" />
      <rule entity="TYPEDEF" visibility="ANY" specifier="ANY" prefix="" style="LOWERCASE" suffix="" />
      <rule entity="UNION" visibility="ANY" specifier="ANY" prefix="" style="LOWERCASE" suffix="" />
      <rule entity="CLASS_MEMBER_FUNCTION" visibility="PROTECTED,PRIVATE" specifier="ANY" prefix="" style="LOWERCASE" suffix="_" />
      <rule entity="STRUCT_MEMBER_FUNCTION" visibility="ANY" specifier="ANY" prefix="" style="LOWERCASE" suffix="" />
      <rule entity="CLASS_MEMBER_FIELD" visibility="ANY" specifier="ANY" prefix="" style="LOWERCASE" suffix="" />
      <rule entity="STRUCT_MEMBER_FIELD" visibility="ANY" specifier="ANY" prefix="" style="LOWERCASE" suffix="" />
      <rule entity="PARAMETER" visibility="ANY" specifier="ANY" prefix="" style="LOWERCASE" suffix="" />
      <rule entity="LOCAL_VARIABLE" visibility="ANY" specifier="ANY" prefix="" style="LOWERCASE" suffix="" />
    </rules>
  </Objective-C-extensions>
  <clangFormatSettings>
    <option name="ENABLED" value="true" />
  </clangFormatSettings>
  <codeStyleSettings language="CMake">
    <option name="ALIGN_MULTILINE_PARAMETERS_IN_CALLS" value="true" />
    <option name="SPACE_BEFORE_IF_PARENTHESES" value="false" />
    <option name="SOFT_MARGINS" value="100" />
    <indentOptions>
      <option name="USE_TAB_CHARACTER" value="true" />
    </indentOptions>
  </codeStyleSettings>
  <codeStyleSettings language="JAVA">
    <option name="INDENT_CASE_FROM_SWITCH" value="false" />
    <option name="CASE_STATEMENT_ON_NEW_LINE" value="false" />
    <option name="ALIGN_MULTILINE_CHAINED_METHODS" value="true" />
    <option name="ALIGN_MULTILINE_PARAMETERS_IN_CALLS" value="true" />
    <option name="ALIGN_MULTILINE_ASSIGNMENT" value="true" />
    <option name="ALIGN_MULTILINE_TERNARY_OPERATION" value="true" />
    <option name="ALIGN_MULTILINE_THROWS_LIST" value="true" />
    <option name="ALIGN_THROWS_KEYWORD" value="true" />
    <option name="ALIGN_MULTILINE_EXTENDS_LIST" value="true" />
    <option name="ALIGN_MULTILINE_ARRAY_INITIALIZER_EXPRESSION" value="true" />
    <option name="SPACE_WITHIN_BRACES" value="true" />
    <option name="SPACE_BEFORE_ARRAY_INITIALIZER_LBRACE" value="true" />
    <option name="PREFER_PARAMETERS_WRAP" value="true" />
    <option name="CALL_PARAMETERS_RPAREN_ON_NEXT_LINE" value="true" />
    <option name="METHOD_PARAMETERS_LPAREN_ON_NEXT_LINE" value="true" />
    <option name="METHOD_PARAMETERS_RPAREN_ON_NEXT_LINE" value="true" />
    <option name="EXTENDS_LIST_WRAP" value="1" />
    <option name="EXTENDS_KEYWORD_WRAP" value="2" />
    <option name="THROWS_KEYWORD_WRAP" value="1" />
    <option name="METHOD_CALL_CHAIN_WRAP" value="5" />
    <option name="TERNARY_OPERATION_WRAP" value="5" />
    <option name="TERNARY_OPERATION_SIGNS_ON_NEXT_LINE" value="true" />
    <option name="ARRAY_INITIALIZER_WRAP" value="1" />
    <option name="ARRAY_INITIALIZER_LBRACE_ON_NEXT_LINE" value="true" />
    <option name="ARRAY_INITIALIZER_RBRACE_ON_NEXT_LINE" value="true" />
    <option name="ASSIGNMENT_WRAP" value="1" />
    <option name="ASSERT_STATEMENT_WRAP" value="5" />
    <option name="ASSERT_STATEMENT_COLON_ON_NEXT_LINE" value="true" />
    <option name="IF_BRACE_FORCE" value="3" />
    <option name="DOWHILE_BRACE_FORCE" value="3" />
    <option name="WHILE_BRACE_FORCE" value="3" />
    <option name="FOR_BRACE_FORCE" value="3" />
    <option name="WRAP_LONG_LINES" value="true" />
    <option name="METHOD_ANNOTATION_WRAP" value="0" />
    <option name="CLASS_ANNOTATION_WRAP" value="0" />
    <option name="FIELD_ANNOTATION_WRAP" value="0" />
    <option name="SOFT_MARGINS" value="80" />
    <indentOptions>
      <option name="CONTINUATION_INDENT_SIZE" value="4" />
    </indentOptions>
    <arrangement>
      <groups>
        <group>
          <type>GETTERS_AND_SETTERS</type>
          <order>KEEP</order>
        </group>
        <group>
          <type>DEPENDENT_METHODS</type>
          <order>BREADTH_FIRST</order>
        </group>
      </groups>
    </arrangement>
  </codeStyleSettings>
  <codeStyleSettings language="ObjectiveC">
    <option name="RIGHT_MARGIN" value="80" />
    <option name="KEEP_BLANK_LINES_IN_DECLARATIONS" value="1" />
    <option name="KEEP_BLANK_LINES_IN_CODE" value="1" />
    <option name="KEEP_BLANK_LINES_BEFORE_RBRACE" value="1" />
    <option name="BLANK_LINES_BEFORE_IMPORTS" value="0" />
    <option name="BLANK_LINES_AROUND_CLASS" value="0" />
    <option name="BLANK_LINES_AROUND_FIELD" value="1" />
    <option name="BLANK_LINES_AROUND_METHOD_IN_INTERFACE" value="0" />
    <option name="BLANK_LINES_AFTER_CLASS_HEADER" value="1" />
    <option name="INDENT_CASE_FROM_SWITCH" value="false" />
    <option name="ALIGN_MULTILINE_CHAINED_METHODS" value="true" />
    <option name="SPACE_WITHIN_BRACKETS" value="true" />
    <option name="SPACE_WITHIN_ARRAY_INITIALIZER_BRACES" value="true" />
    <option name="SPACE_WITHIN_EMPTY_ARRAY_INITIALIZER_BRACES" value="true" />
    <option name="METHOD_CALL_CHAIN_WRAP" value="2" />
    <option name="PARENTHESES_EXPRESSION_LPAREN_WRAP" value="true" />
    <option name="PARENTHESES_EXPRESSION_RPAREN_WRAP" value="true" />
    <option name="BINARY_OPERATION_SIGN_ON_NEXT_LINE" value="true" />
    <option name="TERNARY_OPERATION_WRAP" value="5" />
    <option name="FOR_STATEMENT_WRAP" value="1" />
    <option name="ARRAY_INITIALIZER_WRAP" value="5" />
    <option name="ARRAY_INITIALIZER_LBRACE_ON_NEXT_LINE" value="true" />
    <option name="ARRAY_INITIALIZER_RBRACE_ON_NEXT_LINE" value="true" />
    <option name="ASSIGNMENT_WRAP" value="5" />
    <option name="IF_BRACE_FORCE" value="3" />
    <option name="WRAP_ON_TYPING" value="0" />
    <indentOptions>
      <option name="INDENT_SIZE" value="2" />
      <option name="CONTINUATION_INDENT_SIZE" value="2" />
      <option name="TAB_SIZE" value="2" />
      <option name="SMART_TABS" value="true" />
      <option name="LABEL_INDENT_ABSOLUTE" value="true" />
    </indentOptions>
  </codeStyleSettings>
</code_scheme>