<application>
  <component name="IntentionManagerSettings">
    <ignoreAction name="CoffeeScript/Replace Double-Quoted String with Single-Quoted String" />
    <ignoreAction name="CoffeeScript/Replace Single-Quoted String with Double-Quoted String" />
    <ignoreAction name="CSS/Change color" />
    <ignoreAction name="CSS/Convert color to HEX" />
    <ignoreAction name="CSS/Convert color to HSL/HSLA" />
    <ignoreAction name="CSS/Convert color to HWB" />
    <ignoreAction name="CSS/Convert color to RGB/RGBA" />
    <ignoreAction name="CSS/Convert color to gray" />
    <ignoreAction name="CSS/Create Selector" />
    <ignoreAction name="CSS/Expand CSS shorthand property" />
    <ignoreAction name="CSS/Extract image" />
    <ignoreAction name="CSS/Extract inline CSS" />
    <ignoreAction name="CSS/Extract ruleset" />
    <ignoreAction name="CSS/Replace quotes" />
    <ignoreAction name="CSS/Replace var(...) with its fallback value" />
    <ignoreAction name="CSS/Replace with color name" />
    <ignoreAction name="CSS/Update background-image size" />
    <ignoreAction name="Database/Run query in console" />
    <ignoreAction name="Flow JS/Specify variable type explicitly" />
    <ignoreAction name="HTTP Client/Move HTTP Requests" />
    <ignoreAction name="JavaScript/Convert anonymous function to named function" />
    <ignoreAction name="JavaScript/Convert parameters to object" />
    <ignoreAction name="JavaScript/Convert parameters to object and introduce interface" />
    <ignoreAction name="JavaScript/Convert to forEach call on array" />
    <ignoreAction name="JavaScript/Convert to function expression" />
    <ignoreAction name="JavaScript/Edit values of object literal properties" />
    <ignoreAction name="JavaScript/Install @types for the package" />
    <ignoreAction name="JavaScript/Introduce local variable" />
    <ignoreAction name="JavaScript/Join subsequent variable declarations" />
    <ignoreAction name="JavaScript/Quote property names" />
    <ignoreAction name="JavaScript/Replace with indexer access" />
    <ignoreAction name="JavaScript/Replace with property access" />
    <ignoreAction name="JavaScript/Split declarations" />
    <ignoreAction name="JavaScript/Unquote property names" />
    <ignoreAction name="JavaScript/Boolean/DeMorgan law" />
    <ignoreAction name="JavaScript/Boolean/Flip comparison" />
    <ignoreAction name="JavaScript/Boolean/Flip conjunction operands" />
    <ignoreAction name="JavaScript/Boolean/Negate comparison" />
    <ignoreAction name="JavaScript/Boolean/Remove boolean equality" />
    <ignoreAction name="JavaScript/Comments/Move comment to separate line" />
    <ignoreAction name="JavaScript/Comments/Replace with block comment" />
    <ignoreAction name="JavaScript/Comments/Replace with end-of-line comment" />
    <ignoreAction name="JavaScript/Conditional Operator/Flip conditional" />
    <ignoreAction name="JavaScript/Conditional Operator/Flip if" />
    <ignoreAction name="JavaScript/Conditional Operator/Replace conditional with if-else" />
    <ignoreAction name="JavaScript/Conditional Operator/Replace if-else with conditional" />
    <ignoreAction name="JavaScript/Control Flow/Add braces" />
    <ignoreAction name="JavaScript/Control Flow/Merge else-if" />
    <ignoreAction name="JavaScript/Control Flow/Merge equivalent ifs to or-ed condition" />
    <ignoreAction name="JavaScript/Control Flow/Merge nested ifs to and-ed condition" />
    <ignoreAction name="JavaScript/Control Flow/Merge parallel ifs" />
    <ignoreAction name="JavaScript/Control Flow/Remove braces" />
    <ignoreAction name="JavaScript/Control Flow/Replace if with switch" />
    <ignoreAction name="JavaScript/Control Flow/Replace switch with if" />
    <ignoreAction name="JavaScript/Control Flow/Split and-ed condition to nested ifs" />
    <ignoreAction name="JavaScript/Control Flow/Split else-if" />
    <ignoreAction name="JavaScript/Control Flow/Split or-ed condition to equivalent ifs" />
    <ignoreAction name="JavaScript/Control Flow/Unwrap else" />
    <ignoreAction name="JavaScript/Declaration/Split declaration and initialization" />
    <ignoreAction name="JavaScript/Declaration/Split declaration and move to scope start" />
    <ignoreAction name="JavaScript/ECMAScript 6/Add default export" />
    <ignoreAction name="JavaScript/ECMAScript 6/Add export" />
    <ignoreAction name="JavaScript/ECMAScript 6/Change ES6 import " />
    <ignoreAction name="JavaScript/ECMAScript 6/Convert arrow function to anonymous function" />
    <ignoreAction name="JavaScript/ECMAScript 6/Convert function and its member declarations to class" />
    <ignoreAction name="JavaScript/ECMAScript 6/Convert template string to use visible line separators" />
    <ignoreAction name="JavaScript/ECMAScript 6/Convert to async function" />
    <ignoreAction name="JavaScript/ECMAScript 6/Convert to multi-line string template" />
    <ignoreAction name="JavaScript/ECMAScript 6/Create derived class / Implement interface" />
    <ignoreAction name="JavaScript/ECMAScript 6/Create getter" />
    <ignoreAction name="JavaScript/ECMAScript 6/Create getter and setter" />
    <ignoreAction name="JavaScript/ECMAScript 6/Create setter" />
    <ignoreAction name="JavaScript/ECMAScript 6/Declare explicit class fields" />
    <ignoreAction name="JavaScript/ECMAScript 6/Generate destructuring pattern" />
    <ignoreAction name="JavaScript/ECMAScript 6/Initialize new fields from parameters" />
    <ignoreAction name="JavaScript/ECMAScript 6/Introduce object or array destructuring" />
    <ignoreAction name="JavaScript/ECMAScript 6/Iterate with for..of" />
    <ignoreAction name="JavaScript/ECMAScript 6/Make 'public'" />
    <ignoreAction name="JavaScript/ECMAScript 6/Make private using '#'" />
    <ignoreAction name="JavaScript/ECMAScript 6/Move to a file with matching name" />
    <ignoreAction name="JavaScript/ECMAScript 6/Propagate to destructuring declaration" />
    <ignoreAction name="JavaScript/ECMAScript 6/Remove digit separators" />
    <ignoreAction name="JavaScript/ECMAScript 6/Rename file to match type name" />
    <ignoreAction name="JavaScript/ECMAScript 6/Replace 'for..of' with indexed 'for' loop" />
    <ignoreAction name="JavaScript/ECMAScript 6/Replace 'forEach' with 'for..of' loop" />
    <ignoreAction name="JavaScript/ECMAScript 6/Replace 'forEach' with indexed 'for' loop" />
    <ignoreAction name="JavaScript/ECMAScript 6/Replace destructuring with property and index access" />
    <ignoreAction name="JavaScript/ECMAScript 6/Replace nested calls with pipe expression" />
    <ignoreAction name="JavaScript/ECMAScript 6/Replace pipe expression with nested calls" />
    <ignoreAction name="JavaScript/ECMAScript 6/Replace with 'await Promise.all'" />
    <ignoreAction name="JavaScript/ECMAScript 6/Replace with array destructuring" />
    <ignoreAction name="JavaScript/ECMAScript 6/Replace with destructuring and short-hand properties" />
    <ignoreAction name="JavaScript/ECMAScript 6/Replace with object destructuring" />
    <ignoreAction name="JavaScript/ECMAScript 6/Separate digits" />
    <ignoreAction name="JavaScript/ECMAScript 6/Use optional chaining or nullish coalescing" />
    <ignoreAction name="JavaScript/JSX/Remove braces" />
    <ignoreAction name="JavaScript/JSX/Wrap value with {}" />
    <ignoreAction name="JavaScript/Language Injection/Annotate injection with comment" />
    <ignoreAction name="JavaScript/Language Injection/Don't format injected content" />
    <ignoreAction name="JavaScript/Numbers/Convert to binary" />
    <ignoreAction name="JavaScript/Numbers/Convert to decimal" />
    <ignoreAction name="JavaScript/Numbers/Convert to hexadecimal" />
    <ignoreAction name="JavaScript/Numbers/Convert to octal" />
    <ignoreAction name="JavaScript/Other/Compute constant value" />
    <ignoreAction name="JavaScript/Other/Compute constant value for subexpression" />
    <ignoreAction name="JavaScript/Other/Extract increment" />
    <ignoreAction name="JavaScript/Other/Replace assignment with operator assignment" />
    <ignoreAction name="JavaScript/Other/Replace double-quoted string with single-quoted string" />
    <ignoreAction name="JavaScript/Other/Replace single-quoted string with double-quoted string" />
    <ignoreAction name="JavaScript/Shift Operation/Replace multiply with shift" />
    <ignoreAction name="JavaScript/Shift Operation/Replace shift with multiply" />
    <ignoreAction name="JSON/Sort properties alphabetically" />
    <ignoreAction name="Python/Add type hint for variable" />
    <ignoreAction name="Python/Add type hints for function" />
    <ignoreAction name="Python/Convert 'from module import' to 'import module'" />
    <ignoreAction name="Python/Convert 'import module' to 'from module import'" />
    <ignoreAction name="Python/Convert absolute import to relative" />
    <ignoreAction name="Python/Convert between single-quoted and double-quoted strings" />
    <ignoreAction name="Python/Convert collection to list" />
    <ignoreAction name="Python/Convert collection to set" />
    <ignoreAction name="Python/Convert collection to tuple" />
    <ignoreAction name="Python/Convert dict constructor to dict literal form" />
    <ignoreAction name="Python/Convert dict literal to dict constructor" />
    <ignoreAction name="Python/Convert format operator usage to str.format method call" />
    <ignoreAction name="Python/Convert from variadic to normal parameter(s)" />
    <ignoreAction name="Python/Convert lambda to function" />
    <ignoreAction name="Python/Convert list comprehensions to for loop" />
    <ignoreAction name="Python/Convert method to property" />
    <ignoreAction name="Python/Convert relative import to absolute" />
    <ignoreAction name="Python/Convert static method to function" />
    <ignoreAction name="Python/Convert to f-string literal" />
    <ignoreAction name="Python/Convert triple-quoted string to single-quoted string" />
    <ignoreAction name="Python/Convert type comment to variable annotation" />
    <ignoreAction name="Python/DeMorgan law" />
    <ignoreAction name="Python/Flip comparison" />
    <ignoreAction name="Python/Insert documentation string stub" />
    <ignoreAction name="Python/Insert type assertion" />
    <ignoreAction name="Python/Join if's" />
    <ignoreAction name="Python/Negate comparison" />
    <ignoreAction name="Python/Replace string concatenation with format operator" />
    <ignoreAction name="Python/Specify type for reference in docstring" />
    <ignoreAction name="Python/Specify type for reference using annotation" />
    <ignoreAction name="Python/Split if" />
    <ignoreAction name="Python/Toggle import alias" />
    <ignoreAction name="Python/Transform conditional expression into if/else statement" />
    <ignoreAction name="Python/Transform explicit iteration with 'yield' into 'yield from' expression" />
    <ignoreAction name="React/Convert to class component" />
    <ignoreAction name="React/Convert to functional component" />
    <ignoreAction name="RegExp/Check RegExp" />
    <ignoreAction name="Shell script/Explain shell" />
    <ignoreAction name="Shell script/Rename all occurrences" />
    <ignoreAction name="SQL/Expand column list" />
    <ignoreAction name="SQL/Inject by Type" />
    <ignoreAction name="SQL/Inline table alias" />
    <ignoreAction name="SQL/Introduce table alias" />
    <ignoreAction name="SQL/Merge INSERT statements" />
    <ignoreAction name="SQL/Preview delete" />
    <ignoreAction name="SQL/Preview update" />
    <ignoreAction name="SQL/Qualify identifier" />
    <ignoreAction name="SQL/Quote identifier" />
    <ignoreAction name="SQL/Replace BETWEEN expression with comparisons" />
    <ignoreAction name="SQL/Replace DISTINCT with GROUP BY" />
    <ignoreAction name="SQL/Replace GROUP BY with DISTINCT" />
    <ignoreAction name="SQL/Replace IN expression with equality checks" />
    <ignoreAction name="SQL/Replace NATURAL JOIN with ON clause" />
    <ignoreAction name="SQL/Replace NATURAL JOIN with USING clause" />
    <ignoreAction name="SQL/Replace ON with NATURAL JOIN" />
    <ignoreAction name="SQL/Replace ON with USING" />
    <ignoreAction name="SQL/Replace USING with NATURAL JOIN" />
    <ignoreAction name="SQL/Replace USING with ON" />
    <ignoreAction name="SQL/Replace column name with an ordinal number" />
    <ignoreAction name="SQL/Replace column number with a name" />
    <ignoreAction name="SQL/Replace comparison with BETWEEN expression" />
    <ignoreAction name="SQL/Replace equality checks with IN expression" />
    <ignoreAction name="SQL/Split INSERT statement" />
    <ignoreAction name="SQL/Split string literal" />
    <ignoreAction name="SQL/Store table relation" />
    <ignoreAction name="SQL/Unqualify identifier" />
    <ignoreAction name="SQL/Unquote identifier" />
    <ignoreAction name="TypeScript/Add explicit enum values" />
    <ignoreAction name="TypeScript/Add string enum values matching field names" />
    <ignoreAction name="TypeScript/Convert field to parameter property" />
    <ignoreAction name="TypeScript/Convert parameter property to class field" />
    <ignoreAction name="TypeScript/Convert type alias to enum" />
    <ignoreAction name="TypeScript/Convert type alias to interface" />
    <ignoreAction name="TypeScript/Disable coloring of type guard narrowed types" />
    <ignoreAction name="TypeScript/Generate reference path comment" />
    <ignoreAction name="TypeScript/Implement in derived classes" />
    <ignoreAction name="TypeScript/Infer parameter types from usages" />
    <ignoreAction name="TypeScript/Introduce parameter-properties for unused parameters" />
    <ignoreAction name="TypeScript/Make 'private'" />
    <ignoreAction name="TypeScript/Make 'protected'" />
    <ignoreAction name="XML/Add Xsi schema location for external resource" />
    <ignoreAction name="XML/Choose Color" />
    <ignoreAction name="XML/Collapse empty tag" />
    <ignoreAction name="XML/Convert CDATA to text" />
    <ignoreAction name="XML/Convert text to CData" />
    <ignoreAction name="XML/Fetch external resource" />
    <ignoreAction name="XML/Insert namespace prefix" />
    <ignoreAction name="XML/Manually setup external resource" />
    <ignoreAction name="XML/Rearrange tag attributes" />
    <ignoreAction name="XML/Remove attribute" />
    <ignoreAction name="XML/Remove tag" />
    <ignoreAction name="XML/Reset to default namespace" />
    <ignoreAction name="XML/Split current tag" />
    <ignoreAction name="XSLT/Add optional Argument(s)" />
    <ignoreAction name="XSLT/Convert if to choose" />
    <ignoreAction name="XSLT/Inline xsl:attribute" />
    <ignoreAction name="XSLT/Replace with xsl:attribute" />
    <ignoreAction name="HTML/Update background-image size" />
    <ignoreAction name="Language injection/Edit injected fragment" />
    <ignoreAction name="Language injection/Edit injection settings" />
    <ignoreAction name="Language injection/Inject language or reference" />
    <ignoreAction name="Language injection/Uninject language or reference" />
    <ignoreAction name="LightEdit mode/Open file in project..." />
    <ignoreAction name="Objective-C/Add as a parameter to 'initWith...'" />
    <ignoreAction name="Objective-C/Convert to instance variable" />
    <ignoreAction name="Objective-C/Convert to property" />
    <ignoreAction name="Objective-C/Declare method in interface" />
    <ignoreAction name="Objective-C/Declare method in private category" />
    <ignoreAction name="Objective-C/Declare property as 'readwrite' in private category" />
    <ignoreAction name="Objective-C/Extract category of this class" />
    <ignoreAction name="Objective-C/Extract private category of this class" />
    <ignoreAction name="Objective-C/Extract protocol of this class" />
    <ignoreAction name="Objective-C/Extract super class" />
    <ignoreAction name="Objective-C/Generate property" />
    <ignoreAction name="Objective-C/Implement accessor methods" />
    <ignoreAction name="Objective-C/Localize the string" />
    <ignoreAction name="Objective-C/Move instance variables to implementation" />
    <ignoreAction name="Objective-C/Move to interface" />
    <ignoreAction name="Objective-C/Move to private category" />
    <ignoreAction name="Objective-C/Replace 'id' return type with 'instancetype'" />
    <ignoreAction name="Objective-C/Switch '.' and method notation" />
    <ignoreAction name="Objective-C/Synthesize property" />
    <ignoreAction name="Objective-C/Wrap with &quot;if ([ respondsToSelector: ])&quot;" />
    <ignoreAction name="Objective-C/Wrap with stringWithFormat" />
    <ignoreAction name="HTTP Client/Convert to cURL and copy to clipboard" />
    <ignoreAction name="HTTP Client/Generate request in HTTP Client" />
    <ignoreAction name="Rust/Add _ pattern" />
    <ignoreAction name="Rust/Add braces to lambda expression" />
    <ignoreAction name="Rust/Add curly braces" />
    <ignoreAction name="Rust/Add derive clause" />
    <ignoreAction name="Rust/Add else branch to this if statement" />
    <ignoreAction name="Rust/Add format string argument" />
    <ignoreAction name="Rust/Add impl block" />
    <ignoreAction name="Rust/Add import" />
    <ignoreAction name="Rust/Add remaining patterns" />
    <ignoreAction name="Rust/Change item visibility" />
    <ignoreAction name="Rust/Convert `impl Trait` to type parameter" />
    <ignoreAction name="Rust/Convert if let statement to match" />
    <ignoreAction name="Rust/Convert match statement to if let" />
    <ignoreAction name="Rust/Convert to UFCS" />
    <ignoreAction name="Rust/Convert to method call" />
    <ignoreAction name="Rust/Convert to struct" />
    <ignoreAction name="Rust/Convert to tuple" />
    <ignoreAction name="Rust/Create function" />
    <ignoreAction name="Rust/DeMorgan's law" />
    <ignoreAction name="Rust/Extract enum variant" />
    <ignoreAction name="Rust/Extract inline module structure" />
    <ignoreAction name="Rust/Flatten use statements" />
    <ignoreAction name="Rust/Flip binary expression" />
    <ignoreAction name="Rust/Introduce local variable" />
    <ignoreAction name="Rust/Invert if condition" />
    <ignoreAction name="Rust/Move guard inside the match arm" />
    <ignoreAction name="Rust/Move type constraint to parameter list" />
    <ignoreAction name="Rust/Move type constraint to where clause" />
    <ignoreAction name="Rust/Nest use statements" />
    <ignoreAction name="Rust/Put arguments on one line" />
    <ignoreAction name="Rust/Put arguments on separate lines" />
    <ignoreAction name="Rust/Put fields on one line" />
    <ignoreAction name="Rust/Put fields on separate lines" />
    <ignoreAction name="Rust/Put parameters on one line" />
    <ignoreAction name="Rust/Put parameters on separate lines" />
    <ignoreAction name="Rust/Put variants on one line" />
    <ignoreAction name="Rust/Put variants on separate lines" />
    <ignoreAction name="Rust/Recursively replace .. with actual fields" />
    <ignoreAction name="Rust/Remove braces from single expression" />
    <ignoreAction name="Rust/Remove curly braces" />
    <ignoreAction name="Rust/Remove dbg!" />
    <ignoreAction name="Rust/Replace .. with actual fields" />
    <ignoreAction name="Rust/Replace .unwrap() with match" />
    <ignoreAction name="Rust/Replace .unwrap() with try" />
    <ignoreAction name="Rust/Replace with block comment" />
    <ignoreAction name="Rust/Replace with end of line comment" />
    <ignoreAction name="Rust/Set reference immutable" />
    <ignoreAction name="Rust/Set reference mutable" />
    <ignoreAction name="Rust/Show recursive macro expansion" />
    <ignoreAction name="Rust/Show single step macro expansion" />
    <ignoreAction name="Rust/Show the result of macro expansion (cargo expand)" />
    <ignoreAction name="Rust/Simplify boolean expression" />
    <ignoreAction name="Rust/Specify type explicitly" />
    <ignoreAction name="Rust/Split if" />
    <ignoreAction name="Rust/Substitute associated type" />
    <ignoreAction name="Rust/Toggle ignore for tests" />
    <ignoreAction name="Rust/Un-elide lifetimes" />
    <ignoreAction name="Rust/Use destructuring declaration" />
    <ignoreAction name="SQL/Extract subquery as CTE" />
    <ignoreAction name="SQL/Flip expression operands" />
    <ignoreAction name="SQL/Inline CTE" />
    <ignoreAction name="Swift/Add 'catch' clause" />
    <ignoreAction name="Swift/Add digit separators" />
    <ignoreAction name="Swift/Add explicit qualifier" />
    <ignoreAction name="Swift/Add explicit type" />
    <ignoreAction name="Swift/Convert to binary" />
    <ignoreAction name="Swift/Convert to closure argument" />
    <ignoreAction name="Swift/Convert to decimal" />
    <ignoreAction name="Swift/Convert to hex" />
    <ignoreAction name="Swift/Convert to multi-line String literal" />
    <ignoreAction name="Swift/Convert to octal" />
    <ignoreAction name="Swift/Convert to single-line String literal" />
    <ignoreAction name="Swift/Convert to trailing closure" />
    <ignoreAction name="Swift/DeMorgan Law" />
    <ignoreAction name="Swift/Decrease String escape level" />
    <ignoreAction name="Swift/Flip binary expression" />
    <ignoreAction name="Swift/Flip comparison" />
    <ignoreAction name="Swift/Increase String escape level" />
    <ignoreAction name="Swift/Invert if statement" />
    <ignoreAction name="Swift/Join declaration and assignment" />
    <ignoreAction name="Swift/Localize string" />
    <ignoreAction name="Swift/Merge conditions" />
    <ignoreAction name="Swift/Merge else if" />
    <ignoreAction name="Swift/Merge nested ifs" />
    <ignoreAction name="Swift/Negate comparison" />
    <ignoreAction name="Swift/Remove digit separators" />
    <ignoreAction name="Swift/Remove explicit type" />
    <ignoreAction name="Swift/Replace 'guard' with 'if'" />
    <ignoreAction name="Swift/Replace 'if' with 'guard'" />
    <ignoreAction name="Swift/Split else if" />
    <ignoreAction name="Swift/Split into declaration and assignment" />
    <ignoreAction name="Swift/Split into nested ifs" />
    <ignoreAction name="Swift/Split into separate conditions" />
    <ignoreAction name="Swift/Split into separate declarations" />
    <ignoreAction name="XSLT/Convert 'xsl:if' to 'xsl:choose'" />
    <ignoreAction name="XSLT/Replace with 'xsl:attribute'" />
    <ignoreAction name="AsciiDoc/Add Block ID to section" />
    <ignoreAction name="AsciiDoc/Extract Include Directive" />
    <ignoreAction name="AsciiDoc/Hide errors in source blocks for all languages" />
    <ignoreAction name="AsciiDoc/Inline Include Directive" />
    <ignoreAction name="AsciiDoc/Refactor to block admonition" />
    <ignoreAction name="JSON/Evaluate JSONPath Expression" />
    <ignoreAction name="Markdown/Hide errors in code fences" />
    <ignoreAction name="Objective-C/Extract superclass" />
    <ignoreAction name="Swift/Add a 'catch' clause" />
    <ignoreAction name="Swift/Convert to multiline String literal" />
    <ignoreAction name="XML/Add xsi:schemaLocation for external resource" />
    <ignoreAction name="XML/Manually set up external resource" />
    <ignoreAction name="HTTP Client/Set value for secured value" />
  </component>
</application>