<application>
  <component name="ShowUsagesSettings">
    <option name="IS_FILTER_DUPLICATED_LINE" value="false" />
    <option name="GROUP_BY_FILE_STRUCTURE" value="true" />
  </component>
  <component name="UsageViewSettings">
    <option name="IS_AUTOSCROLL_TO_SOURCE" value="true" />
    <option name="GROUP_BY_DIRECTORY_STRUCTURE" value="true" />
    <option name="GROUP_BY_PACKAGE" value="false" />
    <option name="GROUP_BY_SCOPE" value="true" />
    <option name="IS_SORT_MEMBERS_ALPHABETICALLY" value="true" />
  </component>
</application>